,label,val_0,val_1,val_2,val_3,val_4,val_5,val_6,val_7,val_8,val_9,val_10,val_11,val_12,val_13,val_14,val_15,val_16,val_17,val_18,val_19,val_20,val_21,val_22,val_23,val_24,val_25,val_26,val_27,val_28,val_29,val_30,val_31
2020-10-07.out.0,10.0,-0.6724411,-0.6707493,-0.6702474,-0.6599225,-0.6494676,-0.6165938,-0.6011196,-0.6185136,-0.622358,-0.6315711,-0.6310179,-0.6300494,-0.6482311,-0.6498321,-0.6515055,-0.6546939,-0.6495964,-0.6483408,-0.6507762,-0.6399368,-0.6229015,-0.612339,-0.6289615,-0.6311301,-0.6303173,-0.6278826,-0.6290415,-0.6131154,-0.5911831,-0.5753478,-0.5795543,-0.5661268
2020-10-07.out.1,10.0,-0.5339788,-0.5286081,-0.4956366,-0.4861024,-0.4860129,-0.4826229,-0.4839112,-0.4567133,-0.4618812,-0.4291485,-0.3965642,-0.3894062,-0.3811932,-0.3785054,-0.3833313,-0.404051,-0.4354453,-0.4732553,-0.5087193,-0.5499677,-0.5688088,-0.610037,-0.5856692,-0.5190537,-0.4085892,-0.3893376,-0.4219111,-0.4499763,-0.4709889,-0.4712592,-0.4835475,-0.5065766
2020-10-07.out.2,10.0,-0.4952019,-0.5035647,-0.5376731,-0.5706214,-0.5968466,-0.6079484,-0.5771102,-0.5492051,-0.4995759,-0.446771,-0.4483285,-0.4278661,-0.4322259,-0.4005118,-0.401827,-0.4421768,-0.4635647,-0.4913571,-0.5036572,-0.5293359,-0.5238559,-0.5177816,-0.4926769,-0.4812809,-0.474663,-0.4730805,-0.4639783,-0.468735,-0.4775853,-0.4742806,-0.4692941,-0.4826034
2020-10-07.out.3,10.0,-0.4781797,-0.4681705,-0.4671751,-0.4737674,-0.4792903,-0.4745085,-0.4628791,-0.4511225,-0.441669,-0.4515988,-0.4590267,-0.4678358,-0.4799784,-0.477429,-0.4634938,-0.4619721,-0.4727367,-0.4637194,-0.4633757,-0.4734261,-0.4685913,-0.4906249,-0.5044307,-0.5002528,-0.5172159,-0.5326156,-0.5462335,-0.4471922,-0.4361805,-0.4598871,-0.48059,-0.4806622
2020-10-07.out.4,10.0,-0.4922428,-0.5131385,-0.5131473,-0.4934034,-0.4884605,-0.4925787,-0.5122786,-0.5246921,-0.5277833,-0.534653,-0.5327118,-0.5380317,-0.5459775,-0.5351608,-0.5115953,-0.5234639,-0.5270826,-0.5314323,-0.5285202,-0.53279,-0.540078,-0.541962,-0.5430653,-0.5307084,-0.5276,-0.531708,-0.5373532,-0.54769,-0.5502818,-0.5515409,-0.5356997,-0.5162415
2020-10-07.out.5,10.0,-0.5179518,-0.5162188,-0.5123524,-0.4844777,-0.4749955,-0.4777064,-0.471295,-0.4736396,-0.4707442,-0.4720851,-0.474012,-0.4863301,-0.4840082,-0.4703373,-0.4801865,-0.488389,-0.4992319,-0.4868893,-0.4909931,-0.4916543,-0.4949102,-0.5040057,-0.5118303,-0.5180448,-0.5256151,-0.5385617,-0.5621098,-0.5847349,-0.6108134,-0.6218054,-0.6419088,-0.6475557
2020-10-07.out.6,10.0,-0.6400134,-0.6364073,-0.6445039,-0.6385018,-0.6447771,-0.641939,-0.6446566,-0.6250583,-0.6047049,-0.59553,-0.5792274,-0.5596309,-0.5609849,-0.5574629,-0.5513683,-0.5436558,-0.5584869,-0.5613662,-0.5556554,-0.5539971,-0.5193683,-0.4957462,-0.4815936,-0.4932994,-0.5028754,-0.4950927,-0.480627,-0.484149,-0.4841305,-0.4965475,-0.4929271,-0.508091
2020-10-07.out.7,10.0,-0.5193272,-0.5311082,-0.5375997,-0.5493562,-0.5762499,-0.5712478,-0.5673487,-0.5754293,-0.5882809,-0.587924,-0.6006431,-0.6135722,-0.6132708,-0.6187197,-0.6093364,-0.607918,-0.6043094,-0.6051114,-0.6034615,-0.5898461,-0.5857869,-0.5524682,-0.5139719,-0.5118123,-0.5070472,-0.4971002,-0.4945533,-0.4967749,-0.5046962,-0.4943957,-0.4528442,-0.4427329
2020-10-07.out.8,10.0,-0.4504041,-0.4427968,-0.4385151,-0.448627,-0.4526425,-0.456007,-0.4625211,-0.4754508,-0.4796997,-0.4915332,-0.512988,-0.5278859,-0.5388207,-0.5408514,-0.5414504,-0.5361716,-0.5346559,-0.5446281,-0.555412,-0.5673313,-0.5794082,-0.5815423,-0.5789315,-0.5765129,-0.5673493,-0.5784272,-0.5656986,-0.5607314,-0.5429147,-0.55495,-0.559314,-0.5607163
2020-10-07.out.9,10.0,-0.5593863,-0.5515617,-0.5461582,-0.543033,-0.5311123,-0.5268021,-0.521547,-0.4956756,-0.4938992,-0.493056,-0.4770649,-0.4539893,-0.4272772,-0.4250066,-0.3956674,-0.38727,-0.3926795,-0.3958124,-0.3960188,-0.410218,-0.4178074,-0.4014972,-0.4001097,-0.4069598,-0.4080883,-0.3992408,-0.4032438,-0.4035893,-0.4201664,-0.4402278,-0.453071,-0.4498725
2020-10-07.out.10,10.0,-0.4506017,-0.454949,-0.4610852,-0.4482087,-0.4241633,-0.4246079,-0.429867,-0.418656,-0.4250108,-0.4035862,-0.4104858,-0.413472,-0.4048389,-0.4022783,-0.4017192,-0.3940353,-0.383285,-0.3797344,-0.3757768,-0.3765238,-0.376586,-0.3824616,-0.3777092,-0.3714385,-0.3746675,-0.3757768,-0.3845263,-0.3906405,-0.3986792,-0.4173067,-0.4620289,-0.4775484
2020-10-07.out.11,10.0,-0.4432176,-0.4006031,-0.3893682,-0.3780097,-0.3817722,-0.3832989,-0.3835196,-0.3903876,-0.4001652,-0.4241849,-0.4247263,-0.429311,-0.4270433,-0.4193888,-0.4213426,-0.4226107,-0.4276873,-0.4239593,-0.4228553,-0.4277755,-0.4294051,-0.4375539,-0.4478334,-0.4465055,-0.4553458,-0.4561048,-0.4641006,-0.4699224,-0.473066,-0.4798355,-0.4970461,-0.5069342
2020-10-07.out.12,10.0,-0.5321683,-0.5735236,-0.6020965,-0.6349301,-0.6729132,-0.6890541,-0.6983777,-0.7069326,-0.7121978,-0.7267506,-0.7349052,-0.7400229,-0.7414479,-0.7378435,-0.7388431,-0.7349708,-0.7347662,-0.7335619,-0.7329091,-0.7347948,-0.7330953,-0.7309166,-0.7297308,-0.7273206,-0.725627,-0.7229994,-0.7215828,-0.7179927,-0.7151344,-0.7130087,-0.7118666,-0.7092517
2020-10-07.out.13,10.0,-0.7054055,-0.7021008,-0.6980465,-0.6978401,-0.69425,-0.6920832,-0.691875,-0.6913934,-0.6901975,-0.6887927,-0.688807,-0.6861617,-0.6837675,-0.6832883,-0.6842921,-0.6824047,-0.6821933,-0.6809807,-0.6800087,-0.6797771,-0.6786074,-0.6759865,-0.6726347,-0.6717007,-0.6707381,-0.6693198,-0.6666612,-0.6657566,-0.6621791,-0.6607684,-0.6586242,-0.6543443
2020-10-07.out.14,10.0,-0.6490715,-0.6483321,-0.6471471,-0.6459756,-0.6433624,-0.6383574,-0.632325,-0.6366831,-0.6357802,-0.6348647,-0.6298891,-0.62038,-0.6129547,-0.6077534,-0.6046037,-0.6017328,-0.5955773,-0.5943402,-0.5938181,-0.596001,-0.5945802,-0.5864053,-0.5897471,-0.5978867,-0.6027281,-0.6020156,-0.6034609,-0.6024847,-0.5879026,-0.5782877,-0.5784924,-0.5763036
2020-10-07.out.15,10.0,-0.5752981,-0.5806306,-0.5855167,-0.5881813,-0.5888795,-0.5936294,-0.5917361,-0.5924349,-0.586798,-0.5795756,-0.5723036,-0.568402,-0.5734189,-0.577025,-0.566289,-0.5490507,-0.5365638,-0.5358422,-0.5322797,-0.4926026,-0.4810233,-0.4769725,-0.4898981,-0.5094278,-0.4914425,-0.4924522,-0.5222365,-0.5339452,-0.524571,-0.5181183,-0.5275421,-0.5165148
2020-10-07.out.16,10.0,-0.5117086,-0.5127106,-0.5110003,-0.5040095,-0.4761437,-0.466403,-0.4896064,-0.5097544,-0.5170991,-0.4558847,-0.436411,-0.4721903,-0.4941727,-0.5102311,-0.5260647,-0.49159,-0.4553727,-0.4595774,-0.4834282,-0.4341768,-0.3717951,-0.4140496,-0.423427,-0.3715237,-0.3616642,-0.3518596,-0.3448646,-0.3591787,-0.3518281,-0.3574721,-0.3890312,-0.3821011
2020-10-07.out.17,10.0,-0.361539,-0.3542551,-0.3872612,-0.3975348,-0.4280203,-0.4468513,-0.4314044,-0.4336285,-0.4564847,-0.472496,-0.4327268,-0.4368617,-0.4551114,-0.3866691,-0.3744459,-0.3907079,-0.4355125,-0.4650378,-0.4839571,-0.4926654,-0.5007966,-0.4973421,-0.4876372,-0.479411,-0.4941118,-0.4977078,-0.4930937,-0.4804098,-0.458517,-0.4415169,-0.4585081,-0.483053
2020-10-07.out.18,10.0,-0.4927507,-0.4831156,-0.4819567,-0.4722845,-0.4773223,-0.4608742,-0.4631084,-0.477533,-0.4950398,-0.5075459,-0.5144627,-0.5235052,-0.5251206,-0.519831,-0.5227002,-0.5301483,-0.5315111,-0.5314783,-0.5345951,-0.5345606,-0.5362332,-0.5391167,-0.5431549,-0.5484177,-0.5457598,-0.5488742,-0.5517493,-0.5538851,-0.5533748,-0.5543206,-0.5533504,-0.5535736
2020-10-07.out.19,10.0,-0.5494875,-0.5612853,-0.5658027,-0.565305,-0.5643281,-0.5647829,-0.5616618,-0.5691217,-0.5683555,-0.5661894,-0.5671418,-0.5683454,-0.5663773,-0.5706984,-0.5757337,-0.5761944,-0.5739972,-0.5761675,-0.5778157,-0.5785349,-0.5773163,-0.5756555,-0.5754281,-0.5816862,-0.5842827,-0.5897644,-0.589484,-0.5925756,-0.5973658,-0.5987891,-0.5992389,-0.6033183
2020-10-07.out.20,10.0,-0.6052292,-0.6064251,-0.6081001,-0.6083167,-0.6080691,-0.6087631,-0.6085071,-0.6097047,-0.6094612,-0.6079951,-0.6077677,-0.6063402,-0.6075361,-0.6099362,-0.609719,-0.6116298,-0.6109257,-0.610663,-0.6128156,-0.6147299,-0.6113469,-0.6127887,-0.6147282,-0.6152098,-0.6151972,-0.6175966,-0.6168614,-0.6175722,-0.6192288,-0.6192354,-0.618027,-0.618006
2020-10-07.out.21,10.0,-0.6225664,-0.6213586,-0.6218312,-0.6199151,-0.6165625,-0.6170351,-0.6182435,-0.6177626,-0.6136546,-0.6151089,-0.6127088,-0.6153523,-0.6153607,-0.6050089,-0.6103372,-0.6132368,-0.612531,-0.6139518,-0.61275,-0.6074562,-0.6113225,-0.6120392,-0.61346,-0.606481,-0.6043477,-0.6108517,-0.6105992,-0.6103683,-0.6072557,-0.6077391,-0.5904124,-0.601022
2020-10-07.out.22,10.0,-0.6015138,-0.607051,-0.6012847,-0.6000922,-0.6056134,-0.59647,-0.6068463,-0.6082511,-0.6068076,-0.6087344,-0.6091951,-0.6108517,-0.6081997,-0.6043637,-0.5996054,-0.604911,-0.6039317,-0.607526,-0.6079951,-0.5959867,-0.5965339,-0.6023439,-0.5979488,-0.5998841,-0.608272,-0.6096802,-0.6070426,-0.6082594,-0.603455,-0.5988904,-0.5991321,-0.5902489
2020-10-07.out.23,10.0,-0.5907753,-0.5943688,-0.5869173,-0.5799795,-0.5749728,-0.5769081,-0.5730972,-0.5757652,-0.5767177,-0.5820031,-0.5831973,-0.5721162,-0.5719097,-0.5873028,-0.5911405,-0.5920703,-0.5932578,-0.5920654,-0.5959056,-0.5925268,-0.5836227,-0.5858014,-0.5877618,-0.5925941,-0.5868254,-0.5817841,-0.5827467,-0.5757618,-0.5755319,-0.5787025,-0.5603638,-0.5616337
2020-10-07.out.24,10.0,-0.5729481,-0.5801443,-0.5847165,-0.5457925,-0.5514079,-0.5723138,-0.5763638,-0.5516328,-0.5368055,-0.5452625,-0.5575252,-0.5661607,-0.5594311,-0.5510498,-0.5561162,-0.5598841,-0.5639695,-0.5346278,-0.5387627,-0.5438536,-0.5373974,-0.5458081,-0.5487094,-0.5347808,-0.5425253,-0.5129426,-0.5305605,-0.5411356,-0.5399002,-0.5298498,-0.5313327,-0.5298707
2020-10-07.out.25,10.0,-0.5258241,-0.5361348,-0.4980986,-0.5146173,-0.5083592,-0.4982819,-0.5091558,-0.5189872,-0.5265963,-0.5326068,-0.5263319,-0.5181924,-0.5237565,-0.5260969,-0.5249481,-0.5403555,-0.4990213,-0.4738456,-0.4995678,-0.5101386,-0.5164093,-0.5093916,-0.5149372,-0.4943135,-0.4863433,-0.5079658,-0.5204367,-0.5131958,-0.5192534,-0.5262138,-0.5321706,-0.5201311
2020-10-07.out.26,10.0,-0.4990171,-0.5044152,-0.5039385,-0.5061088,-0.5013151,-0.4741058,-0.4790087,-0.4956741,-0.467994,-0.4764576,-0.4555451,-0.4662538,-0.4795405,-0.4830063,-0.4798591,-0.4741374,-0.4775497,-0.4832337,-0.4717254,-0.4606915,-0.4693682,-0.4744346,-0.4896398,-0.5013266,-0.4926145,-0.4938171,-0.5033733,-0.5009714,-0.4653832,-0.4729087,-0.4808915,-0.4590785
2020-10-07.out.27,10.0,-0.4706549,-0.4915195,-0.4952749,-0.4909747,-0.4809218,-0.4775455,-0.4815838,-0.4950063,-0.4868297,-0.4762589,-0.492377,-0.4846695,-0.5036569,-0.4966552,-0.4721055,-0.4887566,-0.4959612,-0.4834139,-0.4721264,-0.4666388,-0.4491874,-0.4394628,-0.4385557,-0.422958,-0.4282147,-0.4155333,-0.3891248,-0.4292573,-0.3913059,-0.3547903,-0.4140026,-0.4186608
2020-10-07.out.28,10.0,-0.4097634,-0.4081413,-0.430014,-0.3998705,-0.424219,-0.4181698,-0.4138756,-0.4036205,-0.386085,-0.3847071,-0.4131804,-0.4058714,-0.4070715,-0.4135999,-0.4271867,-0.4241551,-0.4466306,-0.4262245,-0.4174363,-0.4169715,-0.4158168,-0.4181858,-0.3967327,-0.4283438,-0.417058,-0.4341388,-0.4071341,-0.3884935,-0.4243342,-0.4152481,-0.4099812,-0.4263208
2020-10-07.out.29,10.0,-0.416839,-0.4094692,-0.4150022,-0.3898958,-0.4051959,-0.3921157,-0.3342997,-0.315504,-0.352734,-0.3803545,-0.3808194,-0.3700068,-0.3471413,-0.3730026,-0.3787361,-0.3495502,-0.3697592,-0.4084877,-0.4160758,-0.4043461,-0.4041027,-0.407201,-0.3807597,-0.3680489,-0.385212,-0.3857038,-0.3738816,-0.361249,-0.3386669,-0.3379872,-0.3477208,-0.3326249
2020-10-07.out.30,10.0,-0.2083646,-0.2926278,-0.3318384,-0.2501931,-0.2776506,-0.3064139,-0.3380583,-0.366574,-0.3504223,-0.3426694,-0.3079439,-0.3106782,-0.3465458,-0.2743129,-0.2644458,-0.3632185,-0.3557775,-0.3465088,-0.3426921,-0.3662104,-0.3695445,-0.3528934,-0.3841982,-0.3848577,-0.3746501,-0.3905601,-0.3609615,-0.3708215,-0.3854979,-0.3852175,-0.3842036,-0.3974197
2020-10-07.out.31,10.0,-0.3937539,-0.3768408,-0.3699174,-0.3379287,-0.3281426,-0.3542175,-0.3766106,-0.3601994,-0.373967,-0.363756,-0.3572604,-0.3500355,-0.3479737,-0.3660397,-0.3797316,-0.3558951,-0.3567186,-0.3531351,-0.342843,-0.3530247,-0.3572693,-0.3251255,-0.3496526,-0.3700834,-0.3472112,-0.353878,-0.326384,-0.313619,-0.322112,-0.3535349,-0.3433609,-0.3342814
2020-10-07.out.32,10.0,-0.3188716,-0.3196623,-0.3084883,-0.3250688,-0.346587,-0.3304319,-0.3396946,-0.3149713,-0.3400323,-0.3417116,-0.3175551,-0.3063239,-0.3205825,-0.3455451,-0.3413756,-0.336983,-0.30536,-0.3109157,-0.3027439,-0.319031,-0.3074093,-0.3151664,-0.3223585,-0.3371983,-0.3144593,-0.3237035,-0.3424122,-0.334667,-0.3301066,-0.309279,-0.3129978,-0.3326632
2020-10-07.out.33,10.0,-0.3390739,-0.3416669,-0.337094,-0.3500524,-0.3582147,-0.3643862,-0.3645832,-0.3649943,-0.3594571,-0.3601965,-0.3565509,-0.3546551,-0.350057,-0.3592727,-0.3423739,-0.3583,-0.3597047,-0.3647669,-0.3504021,-0.3480019,-0.3470578,-0.3575934,-0.3520132,-0.332305,-0.3412293,-0.3137497,-0.3018363,-0.3364286,-0.3346073,-0.3199183,-0.3178775,-0.2784121
2020-10-07.out.34,10.0,-0.3006266,-0.311487,-0.3299784,-0.3397435,-0.3437716,-0.303682,-0.2944618,-0.2932533,-0.2902874,-0.2987762,-0.328311,-0.2909056,-0.3018494,-0.2966237,-0.275503,-0.296764,-0.3246792,-0.3176329,-0.2698035,-0.2779884,-0.2553466,-0.2817104,-0.2862218,-0.3062088,-0.2496459,-0.2739319,-0.297232,-0.2928016,-0.2813094,-0.2642412,-0.2825077,-0.2497444
2020-10-07.out.35,10.0,-0.2769949,-0.2579932,-0.2681816,-0.2485498,-0.2731442,-0.2499587,-0.2628318,-0.2686125,-0.2644775,-0.2942094,-0.290781,-0.2758957,-0.2266115,-0.2403182,-0.2407461,-0.2080264,-0.1855422,-0.2267727,-0.1239709,-0.1903968,-0.2509846,-0.2738681,-0.2557382,-0.2322418,-0.2358672,-0.2283661,-0.2428496,-0.2699396,-0.2381539,-0.2349081,-0.2379946,-0.257985
2020-10-07.out.36,10.0,-0.2617672,-0.2464964,-0.2492182,-0.2595305,-0.2436415,-0.2454401,-0.2418012,-0.1953586,-0.1928248,-0.2221396,-0.2352262,-0.2337272,-0.2311056,-0.2628139,-0.2173262,-0.2364877,-0.2576193,-0.2446495,-0.2446435,-0.2152148,-0.2002174,-0.2033939,-0.2276726,-0.2281064,-0.2196714,-0.2378883,-0.2170845,-0.2055846,-0.1450659,-0.1714792,-0.1703783,-0.1697004
2020-10-07.out.37,10.0,-0.1945239,-0.234194,-0.2602061,-0.200412,-0.1766906,-0.1471439,-0.1795223,-0.1665949,-0.1410935,-0.1032913,-0.133624,-0.1763655,-0.1546546,-0.1309822,-0.1351701,-0.1057147,-0.1302823,-0.141482,-0.1463563,-0.0625222,-0.1016599,-0.0971108,-0.1368549,-0.0690619,-0.1007164,-0.0935327,-0.1625485,-0.1845148,-0.1387662,-0.0794937,-0.062709,-0.1314048
2020-10-07.out.38,10.0,-0.1652786,-0.1283357,-0.0796917,-0.0960444,-0.1112962,-0.1199973,-0.1108557,-0.1421092,-0.1388098,-0.1299099,-0.1431403,-0.1533025,-0.1195008,-0.15783,-0.1500453,-0.122867,-0.1520469,-0.1676758,-0.1788582,-0.1753003,-0.1358761,-0.0454091,-0.0789889,-0.117944,-0.1082886,-0.142786,-0.1783038,-0.1862727,-0.1664828,-0.1561889,-0.1080056,-0.114558
2020-10-07.out.39,10.0,-0.1241125,-0.1404866,-0.1602647,-0.1652899,-0.1525362,-0.0901944,-0.0945155,-0.079817,-0.0226265,-0.081775,-0.0871386,-0.08497,-0.1333126,-0.1596817,-0.1068515,-0.0860263,-0.1059535,-0.1035862,-0.1104959,-0.0649628,-0.0913307,-0.1379058,-0.134907,-0.1089658,-0.1179684,-0.1005266,-0.0976312,-0.1231613,-0.082432,-0.0693579,-0.1199592,-0.132649
2020-10-07.out.40,10.0,-0.1300949,-0.1081524,-0.0951857,-0.0876929,-0.1022327,-0.0960385,-0.1244623,-0.0324902,-0.0350259,-0.0958428,-0.1078422,-0.0591971,-0.0631744,-0.0754228,-0.0552538,-0.0502118,-0.0822358,-0.0833207,-0.015163,-0.0180293,-0.0652106,-0.0208095,-0.0397789,-0.0814254,-0.0435527,-0.0542883,-0.0693842,-0.0419374,0.0026122,-0.0433278,-0.0498646,-0.0555754
2020-10-07.out.41,10.0,-0.0040671,-0.0083745,-0.0734296,-0.0217226,-0.0570131,-0.006324,0.0191308,0.0613567,0.0162968,-0.0004199,0.0223699,0.0102421,-0.0036579,0.0646137,0.0536788,0.0135429,-0.0389305,-0.017096,0.0290773,-0.0096266,-0.0526933,-0.0376642,0.0495852,-0.005117,-0.024716,-0.0260914,-0.0432413,-0.024837,-0.0119878,-0.028895,0.0015052,0.0109798
2020-10-07.out.42,10.0,0.0257666,0.0058691,-0.0409367,-0.0351304,0.0153522,0.0505078,0.0730088,0.0417313,-0.0093873,0.0372009,0.1182624,0.0643761,0.0981789,0.0791903,0.1098913,0.0748997,0.0575828,0.0832937,0.0783597,0.0540995,0.0390078,0.0267912,0.0011524,-0.0111423,0.004067,0.0625721,0.049566,0.0340864,1.74e-05,0.1598773,0.1766965,0.1756708
2020-10-07.out.43,10.0,0.2106927,0.2187863,0.2897486,0.1960472,0.1084052,0.1050235,0.1281439,0.0995962,0.1822159,0.1612616,0.1559804,0.1222611,0.0839571,0.024068,0.1634614,0.1690236,0.1166016,0.0422636,0.0949153,0.1090993,0.1129454,0.1809233,0.1599106,0.1128958,0.1125634,0.1161518,0.1353915,0.1592196,0.1761995,0.2324178,0.1892288,0.1937068
2020-10-07.out.44,10.0,0.1631969,0.1598055,0.1508454,0.2107392,0.1799732,0.3033716,0.3233449,0.3073287,0.2295951,0.1213886,0.1053666,0.3283426,0.3065541,0.2052341,0.1673442,0.2695976,0.209813,0.2406803,0.2611034,0.2432959,0.2183321,0.2614735,0.2175218,0.2314714,0.2947206,0.3137283,0.4168743,0.367633,0.3109455,0.2497479,0.3255605,0.2856207
2020-10-07.out.45,10.0,0.2755208,0.3604033,0.3922583,0.3010998,0.3759337,0.2587695,0.2620344,0.3855689,0.3837882,0.4296189,0.5017317,0.4259674,0.4181798,0.4161092,0.449931,0.4895198,0.4587592,0.4484671,0.4247351,0.4291092,0.3921056,0.546629,0.5540574,0.4881084,0.405527,0.4483054,0.4598352,0.3734487,0.4275315,0.4691599,0.4987096,0.4919652
2020-10-07.out.46,10.0,0.5049737,0.5371134,0.557873,0.5661278,0.5135526,0.5759629,0.5786022,0.4915057,0.4315797,0.5270474,0.5770607,0.5965989,0.6451216,0.6491932,0.6116877,0.543079,0.5594352,0.5601603,0.5317844,0.540584,0.5943551,0.6037509,0.4946774,0.5184561,0.5191686,0.4861881,0.5455997,0.5200434,0.4911572,0.5135812,0.5388678,0.4926366
2020-10-07.out.47,10.0,0.4721507,0.4357068,0.4477455,0.398761,0.4311853,0.4418672,0.3729923,0.3560608,0.3758948,0.3071036,0.332704,0.3754885,0.4361884,0.3634681,0.443893,0.3993572,0.3974338,0.3852627,0.4298366,0.3823051,0.4096373,0.3299453,0.3822711,0.3905069,0.4173431,0.3753864,0.3988088,0.4051194,0.3838799,0.3294064,0.3669132,0.3348535
2020-10-07.out.48,10.0,0.3436575,0.2863159,0.340034,0.3491379,0.3589836,0.3022109,0.2983828,0.3361867,0.3056726,0.3087698,0.2882965,0.3101178,0.3623386,0.3373558,0.3440006,0.2811958,0.3299299,0.299895,0.2883372,0.2754707,0.2810896,0.2696613,0.3125895,0.2811947,0.24895,0.2616411,0.345508,0.3298983,0.2431024,0.2471728,0.2987073,0.2403699
2020-10-07.out.49,10.0,0.2603414,0.2669229,0.3075603,0.2862473,0.3270893,0.3084571,0.2825798,0.2458589,0.2530897,0.2547993,0.2573486,0.2494221,0.2493797,0.2497115,0.2316706,0.2899424,0.1765108,0.2792904,0.3227796,0.2946757,0.3227523,0.2835202,0.2982479,0.3225858,0.3829605,0.3378665,0.2658504,0.2832844,0.2900969,0.295149,0.2909897,0.3339692
2020-10-07.out.50,10.0,0.3162172,0.2729918,0.2720233,0.2742061,0.2568593,0.2282154,0.2679409,0.2690974,0.2506542,0.2261101,0.2165633,0.2234319,0.2805287,0.2614776,0.2660015,0.251843,0.2754432,0.215035,0.2089577,0.2030153,0.2396938,0.2378152,0.249465,0.2225486,0.2161515,0.2045818,0.217632,0.2147408,0.2406702,0.2121127,0.2453129,0.2621107
2020-10-07.out.51,10.0,0.3070721,0.300666,0.3239922,0.2844391,0.2858523,0.2842011,0.2703154,0.3137997,0.2935365,0.2793704,0.2658648,0.2746399,0.3293677,0.3044929,0.2734894,0.2705159,0.303726,0.2716419,0.2541077,0.278442,0.2955256,0.3783942,0.3540617,0.3048288,0.3363526,0.2870291,0.2647345,0.2430005,0.3449369,0.3327488,0.2852203,0.3240775
2020-10-07.out.52,10.0,0.3397589,0.3067647,0.2916991,0.2496255,0.2512397,0.3478998,0.3811689,0.324068,0.3529243,0.3498874,0.3974978,0.3181571,0.3551484,0.3942443,0.3817734,0.4236651,0.3962875,0.3285447,0.3789264,0.3993786,0.3970847,0.3893534,0.3832814,0.41292,0.3825623,0.3624723,0.3014727,0.3811367,0.3795953,0.35262,0.3397427,0.2921622
2020-10-07.out.53,10.0,0.3008276,0.3322177,0.36244,0.350437,0.338255,0.3180927,0.4127679,0.3682457,0.3540981,0.3292894,0.3766801,0.3535084,0.323054,0.318875,0.3472635,0.3524236,0.324537,0.2833196,0.3239634,0.3055442,0.3700235,0.3696422,0.3545921,0.3384883,0.33906,0.3383265,0.3209535,0.3081855,0.3235303,0.3360978,0.3362463,0.3169481
2020-10-07.out.54,10.0,0.3448885,0.3817418,0.3625576,0.3597868,0.3602129,0.3376068,0.3538175,0.3731104,0.3730878,0.3760058,0.3666763,0.3468392,0.3443168,0.3628612,0.3595451,0.3457925,0.36764,0.3614798,0.3082451,0.3421339,0.3635816,0.3579274,0.3346189,0.3340569,0.3826363,0.3633113,0.3435761,0.368793,0.3686408,0.3528585,0.3431793,0.3401288
2020-10-07.out.55,10.0,0.3523782,0.3583559,0.333922,0.3500545,0.34731,0.3327345,0.3609857,0.3697191,0.3499191,0.3415992,0.3227658,0.3560739,0.3630886,0.3372268,0.3461924,0.3579835,0.3532584,0.3192653,0.3185038,0.3391609,0.3798466,0.3805047,0.3566707,0.3697865,0.3776809,0.3794807,0.383162,0.388411,0.3433924,0.3403639,0.3667915,0.3442189
2020-10-07.out.56,10.0,0.3474539,0.4027108,0.3446659,0.3602684,0.3549149,0.41102,0.3693491,0.3331014,0.3744025,0.4020104,0.4138068,0.4083895,0.4172751,0.4069233,0.4214648,0.4005967,0.4142962,0.4033894,0.3714814,0.345222,0.4445447,0.4303218,0.3860569,0.363837,0.4146017,0.427492,0.4227085,0.4137573,0.4020258,0.4001974,0.4027879,0.4114479
2020-10-07.out.57,10.0,0.3847286,0.3704143,0.3735412,0.3629317,0.3908678,0.401725,0.3845399,0.4190541,0.3881276,0.3566467,0.4183147,0.4174761,0.4160201,0.3525083,0.3547122,0.4166366,0.4264226,0.4180616,0.4006783,0.4293743,0.435859,0.4466858,0.425962,0.4287421,0.3904709,0.355356,0.3797719,0.3985336,0.3884444,0.3757529,0.3572506,0.3786034
2020-10-07.out.58,10.0,0.3654226,0.3909108,0.4043113,0.4261142,0.4487052,0.4214899,0.4196274,0.4345294,0.4234163,0.4100157,0.3944603,0.4264322,0.4428964,0.4254839,0.4368085,0.3949101,0.4134751,0.399492,0.3873894,0.3908135,0.3924839,0.4043382,0.4163436,0.4557552,0.4116,0.4132607,0.4584041,0.4480523,0.4159657,0.4468165,0.4188416,0.4130322
2020-10-07.out.59,10.0,0.4342394,0.4465622,0.4608514,0.4430892,0.3950909,0.419677,0.4412381,0.4170447,0.4179489,0.4113208,0.4364176,0.4254357,0.4135967,0.4467563,0.4406008,0.4364176,0.4001371,0.4831889,0.4995164,0.4347515,0.4729689,0.4628058,0.5266601,0.5426034,0.5471584,0.5171276,0.4702346,0.5149812,0.6111965,0.552902,0.5534833,0.5546691
2020-10-07.out.60,10.0,0.5638029,0.5593553,0.5395552,0.5023605,0.5125326,0.5305616,0.5149143,0.533953,0.5561417,0.5637098,0.5486706,0.5556065,0.5625258,0.56781,0.596911,0.5764169,0.5466254,0.5056826,0.5023139,0.536467,0.5545061,0.5698605,0.6149989,0.5936444,0.5581886,0.5364879,0.5592723,0.555175,0.5599264,0.547899,0.5648704,0.5700221
2020-10-07.out.61,10.0,0.5958309,0.5971496,0.5999084,0.6085302,0.5913284,0.606768,0.5797271,0.6015602,0.594925,0.6090936,0.5937513,0.532732,0.5443142,0.5303377,0.5112633,0.5455358,0.5751816,0.6186333,0.6321316,0.651527,0.6242205,0.5880767,0.5698766,0.5922874,0.6472378,0.6485374,0.6668002,0.6622435,0.6548433,0.6537004,0.6339571,0.6313505
2020-10-07.out.62,10.0,0.6216259,0.597124,0.6014111,0.6278004,0.6368286,0.6202581,0.5940525,0.5984106,0.621821,0.6346361,0.6565828,0.6578825,0.642984,0.6275271,0.642126,0.6389393,0.642398,0.6536634,0.633103,0.6206263,0.6131681,0.6184476,0.6127486,0.5945519,0.6113881,0.6037336,0.6121149,0.6182191,0.6097285,0.6226028,0.6233194,0.6212451
2020-10-07.out.63,10.0,0.6385473,0.6564258,0.6500626,0.6605947,0.6573938,0.644757,0.6521787,0.6552114,0.6596524,0.6773531,0.6835868,0.679915,0.6608208,0.6492386,0.6511798,0.681815,0.708523,0.6871122,0.6905776,0.6920928,0.6725421,0.6912382,0.6979731,0.6709918,0.6680558,0.6521269,0.652116,0.6891616,0.6976205,0.7046292,0.6855518,0.6911505
2020-10-07.out.64,10.0,0.676905,0.6508545,0.6676082,0.6866933,0.6837735,0.6751273,0.6774038,0.6730768,0.690395,0.6855215,0.6348182,0.6600104,0.7059863,0.7054981,0.7214624,0.6658729,0.7025532,0.7126393,0.6887444,0.7262207,0.7253035,0.7277777,0.6946725,0.6754291,0.6684097,0.6628724,0.6712281,0.6736132,0.6542231,0.6259953,0.6000987,0.6307513
2020-10-07.out.65,10.0,0.652057,0.6958923,0.7392143,0.6677664,0.7029101,0.7341539,0.7451585,0.7201513,0.7330833,0.7165839,0.7332426,0.7510412,0.7656085,0.765868,0.7612696,0.7571252,0.7484711,0.7363912,0.7240999,0.7225807,0.7346421,0.7318732,0.7250028,0.7176825,0.721318,0.7247897,0.7290146,0.736572,0.74572,0.7198648,0.7133883,0.7194686
2020-10-07.out.66,10.0,0.7276494,0.7265216,0.730361,0.7370571,0.7259695,0.7388783,0.7173752,0.698978,0.7040772,0.7237956,0.7388032,0.7509548,0.7483315,0.7586271,0.7548229,0.7543849,0.7820513,0.7920169,0.7837335,0.7687128,0.7599095,0.7781121,0.7745037,0.7549572,0.7255781,0.7369974,0.7424051,0.7532564,0.7751946,0.7759537,0.7923206,0.820005
2020-10-07.out.67,10.0,0.7960498,0.7815697,0.7615894,0.7672788,0.7738132,0.7818829,0.7673683,0.7395151,0.7460931,0.7923618,0.7566138,0.7581611,0.7835843,0.7527772,0.7772594,0.7894861,0.798404,0.7734582,0.7582082,0.7758463,0.7836278,0.770864,0.7867918,0.7849914,0.7709266,0.7546533,0.7733399,0.775083,0.7650994,0.7509165,0.7482241,0.7387895
2020-10-07.out.68,10.0,0.7405326,0.7392574,0.7377135,0.7517371,0.7576956,0.7507889,0.7459599,0.7344021,0.7219313,0.7141277,0.7076046,0.7100018,0.7091233,0.7078767,0.6998827,0.6922802,0.6628069,0.6201877,0.5801077,0.5705872,0.5659983,0.5679848,0.5697482,0.5616516,0.5585389,0.5522379,0.5540949,0.5562248,0.5612744,0.5629638,0.5622471,0.5627113
2020-10-07.out.69,10.0,0.5641496,0.5660866,0.5656688,0.5623002,0.55705,0.5539213,0.5560277,0.5610614,0.5632013,0.5653455,0.5688919,0.5715152,0.5715103,0.57124,0.5750121,0.5816653,0.5869448,0.5883614,0.5883984,0.5888716,0.591474,0.5976312,0.6088321,0.61078,0.6129343,0.6232138,0.7513218,0.8201928,0.8704319,0.9180809,0.9711222,0.9078712
2020-10-07.out.70,10.0,0.9326149,0.8912221,0.877282,0.8758946,0.8609496,0.8640367,0.8445026,0.8123679,0.8048792,0.7933227,0.7758385,0.7666342,0.7477859,0.73578,0.7218657,0.7056354,0.68901,0.6263217,0.6224917,0.5935579,0.5452183,0.5248179,0.4934619,0.4527231,0.4096038,0.3849684,0.3574278,0.3342215,0.2881849,0.2402989,0.2019043,0.1842991
2020-10-07.out.71,10.0,0.1579162,0.1107773,0.0732258,0.0342712,-0.0070045,-0.0250692,-0.0399867,-0.0493789,-0.0493587,-0.0525709,-0.0695532,-0.0824393,-0.0804318,-0.0806372,-0.0822644,-0.0827419,-0.0740895,-0.0611694,-0.0507156,-0.038141,-0.0281603,-0.0148421,-0.0033638,0.0277424,0.0547332,0.0639828,0.0811178,0.0880913,0.1030387,0.1175348,0.1227117,0.1430626
2020-10-07.out.72,10.0,0.1632816,0.2051023,0.2007186,0.1932701,0.1834673,0.1739986,0.1610916,0.1450564,0.11863,0.0890886,0.0518379,0.0338973,0.0219259,0.0133458,-0.000454,-0.0008012,-0.0045834,-0.0150467,-0.0287595,-0.0452829,-0.0596369,-0.0651169,-0.0714771,-0.0754455,-0.0936624,-0.1039621,-0.1137423,-0.1210667,-0.132276,-0.1339023,-0.1403584,-0.1417733
2020-10-07.out.73,10.0,-0.1422322,-0.1469973,-0.1481268,-0.1555092,-0.1648185,-0.1763512,-0.1798439,-0.1838594,-0.1898413,-0.1898497,-0.1924621,-0.194864,-0.196054,-0.1955378,-0.1940573,-0.1976735,-0.1993343,-0.1993301,-0.2000594,-0.2058543,-0.2043948,-0.2043595,-0.206774,-0.2079716,-0.206774,-0.2060506,-0.2070258,-0.2084693,-0.2082056,-0.2067656,-0.2105967,-0.2115348
2020-10-07.out.74,10.0,-0.21536,-0.2179993,-0.2170039,-0.218444,-0.2215542,-0.2227315,-0.2241775,-0.2229607,-0.2234297,-0.2267942,-0.2253423,-0.2248782,-0.2243696,-0.225803,-0.2262948,-0.222697,-0.2219845,-0.2207761,-0.2207761,-0.2239114,-0.2243839,-0.2270198,-0.2277156,-0.2272263,-0.2276971,-0.2284138,-0.2325159,-0.2320433,-0.2312704,-0.231992,-0.234148,-0.2346139
2020-10-07.out.75,10.0,-0.2350955,-0.2372397,-0.236742,-0.2389207,-0.2412939,-0.2410488,-0.241507,-0.2427071,-0.2434482,-0.2432174,-0.244853,-0.246987,-0.2467285,-0.2474637,-0.2484246,-0.2491353,-0.2493704,-0.2512955,-0.2517639,-0.2520038,-0.253929,-0.2543729,-0.2541312,-0.2555646,-0.2550795,-0.2555503,-0.2560379,-0.2567605,-0.2574754,-0.2567462,-0.256736,-0.2565003
2020-10-07.out.76,10.0,-0.2557794,-0.2572337,-0.2569819,-0.2567444,-0.2564944,-0.2569854,-0.2572337,-0.2569819,-0.2569879,-0.2572212,-0.2557693,-0.257467,-0.257467,-0.257942,-0.2572152,-0.2579378,-0.2572194,-0.2567402,-0.2557675,-0.2574402,-0.256705,-0.2567074,-0.2574318,-0.2572027,-0.256246,-0.2562569,-0.2557609,-0.2550543,-0.25409,-0.2533716,-0.2553111,-0.2545961
2020-10-07.out.77,10.0,-0.2541127,-0.2543527,-0.253615,-0.2540984,-0.2543334,-0.2543527,-0.255317,-0.2548378,-0.2553128,-0.255317,-0.2548336,-0.255077,-0.2550652,-0.2562384,-0.2564902,-0.2581795,-0.2574461,-0.2598462,-0.2610463,-0.2620113,-0.2627137,-0.2624678,-0.2619803,-0.2617218,-0.2619761,-0.2629344,-0.2634136,-0.2626844,-0.2631636,-0.2638743,-0.2631391,-0.2638576
2020-10-07.out.78,10.0,-0.2650576,-0.26481,-0.2660059,-0.2652825,-0.2669727,-0.2664994,-0.2657785,-0.2657726,-0.2669601,-0.2662434,-0.2662493,-0.2669618,-0.2674334,-0.2676625,-0.2676524,-0.2700602,-0.2690756,-0.2710126,-0.2717226,-0.2719626,-0.2726894,-0.2729151,-0.2736276,-0.2726482,-0.2723989,-0.2721774,-0.2719054,-0.2726095,-0.2723661,-0.2728512,-0.2728529,-0.2723678
2020-10-07.out.79,10.0,-0.2711719,-0.271422,-0.271438,-0.2688213,-0.2661694,-0.2620656,-0.2611114,-0.2603804,-0.260153,-0.2599214,-0.259678,-0.2637591,-0.2656591,-0.2716511,-0.2725742,-0.2744582,-0.2742249,-0.2751766,-0.2780525,-0.2799877,-0.280221,-0.279971,-0.2811609,-0.2801781,-0.2792047,-0.2797024,-0.2789714,-0.2801488,-0.2806178,-0.2811155,-0.2811382,-0.2813942
2020-10-07.out.80,10.0,-0.2809066,-0.279709,-0.2806936,-0.278765,-0.281396,-0.2816216,-0.283034,-0.2851907,-0.2861366,-0.2868675,-0.2861509,-0.2873593,-0.2868759,-0.2854199,-0.2854366,-0.2801589,-0.28114,-0.2799298,-0.2767801,-0.2763337,-0.2770731,-0.276332,-0.2760676,-0.2748658,-0.2621348,-0.2570659,-0.2575762,-0.2540029,-0.2487503,-0.2416364,-0.2378525,-0.2335523
2020-10-07.out.81,10.0,-0.2118588,-0.2026689,-0.188196,-0.1874936,-0.1774802,-0.1784504,-0.181803,-0.1823116,-0.1820329,-0.1829602,-0.1879888,-0.1951128,-0.2008858,-0.1784595,-0.1481053,-0.1443423,-0.1422428,-0.1356089,-0.1342638,-0.1324794,-0.1368208,-0.1375954,-0.1380519,-0.1430384,-0.1471423,-0.1524454,-0.1475963,-0.1516261,-0.1549553,-0.1571288,-0.1590574,-0.1622196
2020-10-07.out.82,10.0,-0.1586362,-0.1545819,-0.1533584,-0.1552902,-0.1605714,-0.161263,-0.1633642,-0.1660448,-0.1665407,-0.1672222,-0.1679186,-0.1658031,-0.1565266,-0.1481596,-0.1467472,-0.1483929,-0.1519662,-0.1540818,-0.1559961,-0.156023,-0.1553188,-0.1560642,-0.1574832,-0.1584189,-0.1581402,-0.1588157,-0.1621809,-0.1660162,-0.1701158,-0.1715593,-0.1744135,-0.1758493
2020-10-07.out.83,10.0,-0.1727493,-0.1588594,-0.1553164,-0.155798,-0.156205,-0.1609969,-0.165297,-0.1717867,-0.1777266,-0.179144,-0.1767068,-0.1821885,-0.1821725,-0.1607892,-0.1395462,-0.1263991,-0.1278577,-0.1406375,-0.1379964,-0.1406047,-0.1482701,-0.1446943,-0.1274853,-0.0972743,-0.072751,-0.0579075,-0.0490184,-0.0608763,-0.0702167,-0.0496241,-0.0579558,-0.0961596
2020-10-07.out.84,10.0,-0.0975543,-0.0658628,-0.0283017,0.032477,0.047179,0.0454526,0.0312579,0.0087258,-0.0186912,-0.0358698,-0.056322,-0.0726729,-0.0806258,-0.0971121,-0.1109465,-0.11478,-0.1188325,-0.1262411,-0.1309894,-0.1415232,-0.1441053,-0.1399675,-0.1283727,-0.12349,-0.1241285,-0.1241519,-0.1282222,-0.1296832,-0.128933,-0.1211991,-0.0956208,-0.0770722
2020-10-07.out.85,10.0,-0.0588647,-0.0522564,-0.0521585,-0.0350791,0.0018465,-0.0028386,-0.010894,-0.0253829,-0.0320977,-0.0073016,0.014738,0.0252718,0.0376005,0.0430023,0.0403235,0.0375046,0.0330175,0.0267451,0.0152781,0.0004912,-0.0033553,-0.0155827,-0.0245238,-0.0290775,-0.0338677,-0.039634,-0.0388929,-0.036204,-0.0377554,-0.0449038,-0.0460131,-0.0582102
2020-10-07.out.86,10.0,-0.0679676,-0.0701732,-0.066225,-0.0551679,-0.0465306,-0.041043,-0.0350426,-0.0291981,-0.0289278,-0.030009,-0.025136,-0.0246295,-0.0007333,0.0006375,0.005939,0.0104379,0.0110579,0.0117501,0.014297,0.016576,0.0206303,0.0268556,0.0411405,0.0571763,0.0621998,0.0695427,0.071932,0.0836457,0.0881708,0.0923217,0.0957172,0.0933482
2020-10-07.out.87,10.0,0.091117,0.0869027,0.0748228,0.0680544,0.0587661,0.044909,0.0422671,0.035571,0.0312726,0.0308085,0.024962,0.0219032,0.0187863,0.0180512,0.0151272,0.0135076,0.0086846,0.0060511,0.0039035,0.0029123,0.003854,0.0115185,0.0183764,0.0290981,0.0397644,0.0456083,0.0502868,0.0668853,0.0772228,0.0843002,0.1002507,0.1037042
2020-10-07.out.88,10.0,0.1085533,0.1102612,0.1061692,0.1025924,0.0997484,0.1010074,0.1109254,0.1237018,0.1239596,0.1143925,0.1091054,0.1034941,0.1005694,0.095006,0.0903835,0.082843,0.0744355,0.0703226,0.0689346,0.0636248,0.0581944,0.0536232,0.044835,0.0432709,0.0321368,0.0287412,0.0297492,0.0283074,0.0278509,0.0260834,0.0255899,0.0238837
2020-10-07.out.89,10.0,0.0238896,0.0234869,0.0203247,0.0186967,0.0172515,0.0175243,0.0165903,0.0161052,0.0177408,0.0199052,0.022803,0.0230178,0.0232351,0.028027,0.0328182,0.03703,0.0437076,0.046069,0.0453523,0.0456083,0.0465877,0.0463721,0.046164,0.0437614,0.0409005,0.0398384,0.0383848,0.0371637,0.0369346,0.0357447,0.0328619,0.028539
2020-10-07.out.90,10.0,0.0261246,0.0232511,0.0216365,0.017526,0.016576,0.0146467,0.0139653,0.0132629,0.0091751,0.0092103,0.0116416,0.0070502,0.0044041,0.0017892,0.0023012,0.0040503,0.0028568,0.001421,0.0012163,0.000999,0.0012407,-0.0004546,-0.001632,-0.0035243,-0.0019876,-0.0031531,-0.0065193,-0.0077438,-0.0072503,-0.0079307,-0.0134637,-0.0161443
2020-10-07.out.91,10.0,-0.0223797,-0.0271506,-0.0228345,-0.0238392,-0.019267,-0.0178379,-0.0163818,-0.0125685,-0.0176332,-0.0214517,-0.0230838,-0.0233255,-0.0242923,-0.0273822,-0.0309245,-0.0301582,-0.0236508,-0.0191518,-0.0151279,-0.0144322,-0.0129737,-0.0098534,-0.0061565,-0.0054852,-0.0002779,0.0037526,0.0075366,0.0094038,0.0154219,0.01397,0.0185101,0.0256854
2020-10-07.out.92,10.0,0.0328296,0.0314105,0.0299586,0.0258649,0.0271129,0.0269082,0.0244996,0.019962,0.0116463,0.000619,-0.0044146,-0.004914,-0.0020455,-0.0032927,-0.0039766,-0.0003722,0.0012676,-0.0016278,-0.0059531,-0.0131695,-0.0159598,-0.02051,-0.0240237,-0.0258766,-0.0248669,-0.0246252,-0.0253586,-0.0208227,-0.0141451,-0.0084486,-0.0058127,-0.001932
2020-10-07.out.93,10.0,0.0038898,0.0022046,0.0038326,0.005917,0.0029368,0.0042919,0.0186324,0.0135845,0.0145143,0.018608,0.0207413,0.0286601,0.0354642,0.0409662,0.0510519,0.0589976,0.0709481,0.0766219,0.0800884,0.080533,0.0833746,0.0855188,0.0830715,0.0842304,0.0868681,0.0861597,0.0854406,0.0837865,0.0874129,0.0926243,0.0991258,0.0981859
2020-10-07.out.94,10.0,0.0959971,0.0918706,0.0899126,0.0872463,0.0870291,0.0839542,0.0808988,0.0768235,0.0732258,0.0689131,0.0672565,0.0689441,0.0679648,0.0665566,0.0665524,0.0634422,0.0620165,0.0620064,0.0641623,0.0668412,0.0649017,0.057008,0.0512661,0.037304,0.0293851,0.0340362,0.0313091,0.0297206,0.0276236,0.0269195,0.0259401,0.0250002
2020-10-07.out.95,10.0,0.0233395,0.0243348,0.0233999,0.0260023,0.0271713,0.0312423,0.0340738,0.0409913,0.0455391,0.0591796,0.0682801,0.0711611,0.0717567,0.0704491,0.0746777,0.0789408,0.0803766,0.0798765,0.0765557,0.0731888,0.0686452,0.0727407,0.0794385,0.0761093,0.0711295,0.0696936,0.069452,0.0682645,0.0689937,0.0774155,0.0771745,0.0800514
2020-10-07.out.96,10.0,0.0807192,0.0847525,0.0845007,0.0828239,0.0828441,0.0881296,0.0890223,0.0969555,0.0981489,0.0945368,0.1031497,0.1024389,0.1050396,0.1141812,0.1180105,0.1359732,0.1875424,0.2345697,0.2277201,0.2336835,0.2388453,0.235068,0.2387236,0.2310488,0.2331476,0.2391682,0.2503178,0.2585612,0.3020087,0.3284637,0.3490479,0.312154
2020-10-07.out.97,10.0,0.3132406,0.3121546,0.2942593,0.2988465,0.3006582,0.3087943,0.3011911,0.3553383,0.4084605,0.4663868,0.475402,0.4677744,0.4355177,0.397586,0.3833852,0.3758131,0.3776953,0.4099775,0.4724832,0.5051468,0.484559,0.4631638,0.4907717,0.5275768,0.5228463,0.5131652,0.512464,0.5155278,0.522382,0.5347036,0.5480159,0.5464936
2020-10-07.out.98,10.0,0.5304238,0.5245614,0.5272019,0.5288926,0.527967,0.4852739,0.4064992,0.397493,0.4361598,0.5076734,0.5317647,0.5468523,0.5514489,0.5453686,0.5315892,0.5085697,0.5502054,0.5985329,0.6016002,0.5767326,0.5594395,0.5211665,0.5288555,0.5034418,0.4742298,0.4481919,0.3976504,0.3883645,0.4217526,0.4278011,0.43007,0.4121066
2020-10-07.out.99,10.0,0.3894034,0.4047661,0.4201861,0.4362899,0.4237098,0.4089285,0.4019739,0.4001371,0.4321664,0.4502818,0.4586232,0.4372399,0.4298247,0.4143529,0.4027228,0.39031,0.3688091,0.3598835,0.3458403,0.3465982,0.3390845,0.3154696,0.3022737,0.2829916,0.2778529,0.2759899,0.2727639,0.256549,0.2446516,0.2572914,0.2555692,0.2472166
2020-10-07.out.100,10.0,0.2467004,0.2508723,0.2814895,0.2676616,0.3132161,0.3354241,0.3810067,0.4003371,0.4095013,0.3954104,0.3982932,0.3843544,0.3690926,0.3654727,0.3481461,0.3365268,0.3253218,0.3091785,0.2925191,0.2787427,0.2631467,0.2571976,0.2495742,0.2334132,0.2294446,0.2276652,0.2332549,0.2395327,0.2429896,0.2510363,0.2734627,0.2882255
2020-10-07.out.101,10.0,0.3049732,0.3096356,0.3209106,0.3192254,0.3169668,0.3090765,0.3103875,0.3136589,0.3084373,0.3151525,0.315522,0.319544,0.3203049,0.309835,0.3140409,0.3205323,0.3203197,0.3156699,0.3126695,0.3152571,0.3145917,0.3128575,0.3171422,0.333949,0.3540659,0.3565108,0.3577633,0.3664687,0.3699543,0.370468,0.3781942,0.399828
2020-10-07.out.102,10.0,0.4194568,0.418964,0.4250842,0.4456517,0.4414553,0.4284187,0.4148339,0.3989347,0.3863397,0.3744131,0.3801139,0.3871173,0.3793632,0.3680703,0.3632641,0.3578278,0.3509013,0.3441252,0.3415932,0.3405603,0.3441868,0.3455168,0.3439564,0.3441759,0.344302,0.3419179,0.3390511,0.3362183,0.3399909,0.3484797,0.3521341,0.3575401
2020-10-07.out.103,10.0,0.354289,0.3568258,0.3804904,0.4367052,0.4818587,0.5068492,0.520044,0.4802004,0.444266,0.4286265,0.4259333,0.4234269,0.4285273,0.4287631,0.4250495,0.42133,0.41943,0.4177066,0.4140516,0.4216851,0.4249982,0.4237724,0.4295067,0.4305795,0.4247655,0.4202989,0.4120405,0.4081969,0.4015659,0.3803121,0.3634921,0.3420301
2020-10-07.out.104,10.0,0.3139949,0.280928,0.2518604,0.2430584,0.2432362,0.2303508,0.2236467,0.2348871,0.2416554,0.2658284,0.2802906,0.2875075,0.2825302,0.2802393,0.283439,0.2846647,0.283146,0.2829329,0.2854542,0.2841032,0.2832785,0.2792319,0.2749325,0.2649082,0.2494614,0.2397178,0.2231533,0.2011614,0.186655,0.182446,0.1766452,0.1743829
2020-10-07.out.105,10.0,0.1706061,0.1678801,0.1682084,0.1658857,0.1673358,0.1680239,0.1676145,0.1671992,0.162797,0.1223502,0.0748024,0.045813,0.0361111,0.0316105,0.0302671,0.0049299,0.0036104,-0.0034867,-0.0014278,-0.0018994,-0.0034198,-0.0024722,0.0011154,-0.0022836,-0.0017985,-0.0013109,-0.0041103,0.0003743,-0.0022263,-0.0077493,-0.0043394,-0.0055765
2020-10-07.out.106,10.0,-0.0024537,-0.0034138,-0.0048287,-0.0002482,0.0002562,-0.0050704,-0.0107795,-0.012426,-0.0112402,-0.013882,-0.0129237,-0.0117379,-0.0112898,-0.0117867,-0.0131957,-0.0119914,-0.01131,-0.0122339,-0.0127005,-0.0124479,-0.0117396,-0.0088938,-0.0064895,-0.0069645,-0.0083895,-0.0069561,-0.0055042,-0.0028606,-0.0019417,0.0001629,-0.0007989,-0.0029347
2020-10-07.out.107,10.0,-0.0067539,-0.0081831,-0.0060305,-0.0060288,-0.0077098,-0.0055614,-0.0036573,-0.0019721,-0.0063134,-0.0043949,-0.004368,-0.0046349,-0.0024841,-0.0008384,0.0037227,0.0041726,0.0080515,0.0087556,0.0068144,0.0056017,0.0051376,0.0041834,0.0039166,0.0063251,0.0073079,0.0121267,0.0079817,0.0113604,0.0063125,0.0063234,0.0092103,0.0099288
2020-10-07.out.108,10.0,0.0096812,0.0099085,0.0096812,0.0091692,0.0105858,0.0110691,0.0103406,0.0096298,0.0105882,0.011059,0.0117841,0.0122465,0.0120216,0.0124882,0.0110608,0.0120485,0.010328,0.0112662,0.0122179,0.0158157,0.016539,0.0189367,0.0172305,0.0165037,0.0138501,0.0165163,0.0169644,0.0145894,0.0146013,0.013162,0.0119476,0.0117143
2020-10-07.out.109,10.0,0.0107576,0.0122179,0.0170098,0.0160556,0.0172448,0.0139115,0.0150931,0.0148556,0.0133911,0.012943,0.012447,0.0119846,0.0117387,0.010787,0.0117345,0.0112452,0.0103036,0.0103053,0.0107803,0.0095844,0.0098345,0.0096054,0.0096047,0.0081654,0.0081654,0.0074697,0.0091548,0.0096441,0.0084155,0.0072322,0.0064802,0.0069611
2020-10-07.out.110,10.0,0.006528,0.0067606,0.0055697,0.0048463,0.0039005,0.0048463,0.0057963,0.0043469,0.0017026,0.0021842,0.002932,0.0031671,0.0017522,0.0012772,0.0022212,0.0027189,0.0039309,0.0031915,0.0051292,0.0048749,0.0034457,0.0036749,0.0024916,0.0007938,0.0010372,0.0003188,6.87e-05,-0.0008628,-0.0018086,-0.0023063,-0.0030069,-0.0025319
2020-10-07.out.111,10.0,-0.003023,-0.0042188,-0.003732,-0.0051629,-0.0051612,-0.0061053,-0.0082714,-0.0077922,-0.0080154,-0.0092095,-0.0087178,-0.0082386,-0.0082595,-0.0077845,-0.0094327,-0.0089385,-0.0086891,-0.0094093,-0.0091742,-0.0094058,-0.0091641,-0.0093957,-0.0086766,-0.0081932,-0.0086825,-0.0084618,-0.0082183,-0.0084391,-0.0084391,-0.0091533,-0.007714,-0.0074807
2020-10-07.out.112,10.0,-0.0077308,-0.0077349,-0.0084635,-0.0082284,-0.0094344,-0.0094201,-0.0094201,-0.0106219,-0.010616,-0.0120385,-0.01131,-0.0105933,-0.0110784,-0.0103726,-0.0091516,-0.0079557,-0.0084492,-0.0089284,-0.0086808,-0.0098599,-0.0098749,-0.0091516,-0.0096349,-0.0096374,-0.0103558,-0.0096475,-0.0101386,-0.0108392,-0.0103558,-0.0098665,-0.0086664,-0.0096332
2020-10-07.out.113,10.0,-0.0105849,-0.0105807,-0.0103373,-0.0108224,-0.0110767,-0.0115534,-0.0108434,-0.0110767,-0.0115374,-0.0122625,-0.0120351,-0.0120225,-0.0120351,-0.0117934,-0.0125059,-0.0125269,-0.0115475,-0.0120099,-0.0129732,-0.0127493,-0.0127476,-0.0129893,-0.0129774,-0.0124933,-0.0115601,-0.0127602,-0.011075,-0.0108451,-0.013231,-0.0132083,-0.0120208,-0.0093831
2020-10-07.out.114,10.0,-0.0096206,-0.0091355,-0.0122827,-0.0113184,-0.0115433,-0.0117749,-0.0132209,-0.0129732,-0.0127249,-0.0132226,-0.0127249,-0.0127333,-0.0137077,-0.0131957,-0.013919,-0.0146375,-0.013925,-0.0136648,-0.0160876,-0.0149036,-0.0141607,-0.012719,-0.0136917,-0.0151167,-0.0151208,-0.0146542,-0.0146518,-0.0146441,-0.013669,-0.0122272,-0.0117564,-0.0103356
2020-10-07.out.115,10.0,-0.0096224,-0.0129683,-0.0141541,-0.0146584,-0.0163411,-0.0105521,-0.0146273,-0.0151352,-0.0122524,-0.0117606,-0.0076997,-0.0089242,-0.011054,-0.0142019,-0.0132226,-0.0113041,-0.0120267,-0.0110683,-0.0098581,-0.0100974,-0.0117791,-0.0103457,-0.0101201,-0.0106177,-0.008204,-0.00797,-0.0081932,-0.0086581,-0.0091372,-0.0100939,-0.0101099,-0.0089099
2020-10-07.out.116,10.0,-0.0077493,-0.0075236,-0.0087303,-0.0063058,-0.0079658,-0.0096307,-0.0101208,-0.0103499,-0.0105933,-0.0120417,-0.0130019,-0.011806,-0.0098682,-0.0093915,-0.0122768,-0.0134852,-0.0146745,-0.0120208,-0.0115601,-0.013012,-0.0146787,-0.0165853,-0.0175168,-0.0177686,-0.0160666,-0.017281,-0.0172608,-0.0146232,-0.0170393,-0.016806,-0.0148893,-0.0160893
2020-10-07.out.117,10.0,-0.0158316,-0.0168144,-0.0158644,-0.0160666,-0.0139089,-0.013663,-0.0163209,-0.0172818,-0.0153524,-0.0141977,-0.0163209,-0.0126997,-0.0146357,-0.0115248,-0.0108022,-0.010323,-0.0096266,-0.011091,-0.0081831,-0.0040834,-0.0069847,-0.0094058,-0.0105933,-0.0132352,-0.0120452,-0.0110868,-0.0115332,-0.013925,-0.0141541,-0.0146458,-0.0132209,-0.0067144
2020-10-07.out.118,10.0,-0.0089158,-0.0118035,-0.0096224,-0.0103457,-0.0084247,-0.0099052,-0.0082284,-0.0094285,-0.0098784,-0.0130137,-0.0077224,-0.0096719,-0.0094117,-0.0024328,-0.0038972,-0.0041515,-0.0034533,-0.00298,-0.0085029,-0.0118262,-0.011075,-0.002943,-0.0063302,-0.0029591,-0.0003407,-0.0058737,-0.0077845,-0.0039402,0.0010742,-0.0008418,-0.0032486,-0.0027383
2020-10-07.out.119,10.0,-0.0053743,-0.0055967,-0.0075177,-0.0065282,-0.0051133,-0.0041574,-0.0041406,-0.0024597,-0.0046139,-0.0024537,-0.0012739,0.0044865,-0.0006211,-0.0053777,-0.0063218,-0.0084635,-0.0094362,-0.0075219,-0.0060717,-0.0046282,-0.0053474,-0.006326,-0.00512,-0.0039325,-0.0031865,-0.0068279,-0.0046282,-0.0070385,-0.0053659,-0.0024865,-0.0051469,-0.0022448
2020-10-07.out.120,10.0,-0.0041574,-0.0053777,-0.0017447,-0.0034407,-0.0017447,-0.0041784,-0.0029943,-0.0020259,-0.0034652,-0.0005967,0.0003827,0.0013201,0.0039417,0.0032023,5.61e-05,0.0017749,0.005856,0.0027147,0.0017588,0.0027291,0.011133,0.007521,0.0065954,0.0044251,0.0005605,0.0003188,0.0003087,0.0056227,0.0067942,0.0067959,0.0039274,0.005109
2020-10-07.out.121,10.0,0.0027416,0.0044394,0.0029893,0.0017749,0.0092247,0.0055874,0.0051006,0.0067732,0.011827,0.0120544,0.0091531,0.0082024,0.0087085,0.0171166,0.0180565,0.0290611,0.0355173,0.0525945,0.0532599,0.0248505,0.0143107,0.0150644,0.0639107,0.0480968,0.0310143,0.0267135,0.0236361,0.0315466,0.0214448,0.0198522,0.0133977,0.01822
2020-10-07.out.122,10.0,0.030732,0.0205832,0.0158014,0.0165247,0.0148538,0.0170157,0.0206303,0.0191784,0.0179623,0.0179556,0.021091,0.0225268,0.0164961,0.0165104,0.0256353,0.0217706,0.0268657,0.0463567,0.0298572,0.036191,0.0407235,0.0460064,0.0336554,0.0377391,0.0339038,0.0293511,0.0284213,0.0380464,0.0382367,0.0434995,0.0401476,0.055571
2020-10-07.out.123,10.0,0.0492396,0.045418,0.0429934,0.0412998,0.0391438,0.0422683,0.0590299,0.0515322,0.0467798,0.0407693,0.0371674,0.037665,0.0398437,0.041539,0.0427213,0.0638504,0.0531577,0.0471934,0.0446625,0.0444393,0.0365104,0.0396408,0.0424999,0.0427231,0.0612801,0.0532729,0.0479631,0.0477113,0.0472506,0.0424217,0.0499109,0.0515525
2020-10-07.out.124,10.0,0.0470316,0.0470148,0.0516146,0.0677143,0.0685861,0.0632787,0.073341,0.0627087,0.0695075,0.0807639,0.0621824,0.0718958,0.0735314,0.0881582,0.0830656,0.0715406,0.0689298,0.0602716,0.0598235,0.0533691,0.0521976,0.0609072,0.0686088,0.0593771,0.074072,0.079568,0.080678,0.0755704,0.0832703,0.0813284,0.0693064,0.0726995
2020-10-07.out.125,10.0,0.0702892,0.0770551,0.0700559,0.0734818,0.0931757,0.0798664,0.0695516,0.0614347,0.0629445,0.0650568,0.0712846,0.0715036,0.0743578,0.0719297,0.0779084,0.082744,0.0877894,0.0923641,0.0881946,0.0937521,0.0904044,0.1004995,0.0862182,0.0869306,0.0936645,0.0831055,0.0809369,0.0744556,0.083636,0.1044888,0.0885855,0.1033006
2020-10-07.out.126,10.0,0.1110382,0.1016179,0.1105262,0.1135397,0.1186002,0.1142135,0.1093804,0.1258268,0.1109104,0.1149916,0.1029546,0.1070441,0.1113711,0.0978655,0.0911432,0.1031449,0.1031736,0.1109331,0.111858,0.0993156,0.0938129,0.1102475,0.1157226,0.1101114,0.1107952,0.1098302,0.1206679,0.1160866,0.1191975,0.1263787,0.1234404,0.1137599
2020-10-07.out.127,10.0,0.1179175,0.1361975,0.1459962,0.1353513,0.1319869,0.1365371,0.1360335,0.1303034,0.1226884,0.1178965,0.1405539,0.1310579,0.1432996,0.1381937,0.1279016,0.1573165,0.1312845,0.1392732,0.1245413,0.1608175,0.1628196,0.1584395,0.1423357,0.1308603,0.1484606,0.1376161,0.1557233,0.1486636,0.1409931,0.1520389,0.1457783,0.1679583
2020-10-07.out.128,10.0,0.1531911,0.1510453,0.148817,0.1738898,0.1759893,0.1598939,0.1495648,0.1625779,0.1627606,0.1509157,0.138424,0.1617586,0.1804488,0.1705946,0.166698,0.1498523,0.1499633,0.1387439,0.1549032,0.1666203,0.1569321,0.1451654,0.1790095,0.1739616,0.1751574,0.1621453,0.1455975,0.154334,0.1613105,0.1476312,0.1719553,0.1704682
2020-10-07.out.129,10.0,0.1908704,0.1892663,0.1870237,0.1909061,0.1805299,0.1942175,0.2080914,0.1926672,0.2073806,0.217912,0.2133331,0.2218027,0.2075155,0.1989127,0.2118187,0.2126845,0.2147253,0.1921116,0.2080149,0.2462861,0.2123986,0.2045496,0.1995327,0.2141931,0.2194432,0.2557607,0.2532049,0.2239488,0.2162381,0.2341213,0.249292,0.2456345
2020-10-07.out.130,10.0,0.2383936,0.2297455,0.2506185,0.2445752,0.2278896,0.2486152,0.2687841,0.2686546,0.2553351,0.2303834,0.2362674,0.2403485,0.2535032,0.2597571,0.260734,0.2405364,0.2338285,0.2134221,0.2346513,0.3106287,0.2987647,0.2831908,0.3042691,0.2986949,0.2855229,0.2660445,0.2598873,0.2660857,0.2598604,0.25633,0.2803485,0.2645943
2020-10-07.out.131,10.0,0.256256,0.2617789,0.2639272,0.2784687,0.2726141,0.249564,0.2777545,0.2722476,0.2530706,0.2742939,0.3143583,0.2805465,0.2533892,0.3319081,0.3146973,0.2759612,0.2758675,0.2749479,0.2845687,0.2826393,0.2708095,0.2782627,0.2794401,0.2725149,0.2716204,0.2684606,0.2597965,0.2808975,0.2656536,0.295467,0.3308219,0.316752
2020-10-07.out.132,10.0,0.3109336,0.3097024,0.3167209,0.3130795,0.3538021,0.3178714,0.3455843,0.3290294,0.332778,0.303661,0.3247309,0.3401896,0.3198322,0.3172089,0.3189646,0.3025821,0.3336511,0.3480715,0.3227318,0.3273299,0.3262349,0.3668685,0.3963115,0.3285531,0.3670272,0.3926821,0.4387551,0.447156,0.3772238,0.3880058,0.3728562,0.4020689
2020-10-07.out.133,10.0,0.3851457,0.3534619,0.4416541,0.406656,0.4772602,0.3994765,0.4017502,0.4120953,0.3598066,0.448627,0.4282797,0.3564599,0.4283096,0.4715887,0.4159783,0.4261911,0.4809755,0.4659346,0.434542,0.4344907,0.4769863,0.4607715,0.462252,0.4701977,0.4350206,0.3885948,0.4001657,0.4151351,0.4261523,0.4604899,0.4887422,0.4501064
2020-10-07.out.134,10.0,0.4720052,0.4573019,0.4452363,0.5288729,0.4522863,0.4151382,0.4946787,0.4456809,0.4371623,0.4780544,0.4532292,0.4781254,0.4083412,0.4459846,0.4385915,0.4512653,0.4664424,0.4926951,0.4471471,0.5082129,0.5224937,0.4816373,0.4702926,0.4830808,0.452312,0.5055848,0.484485,0.4983863,0.462804,0.4942973,0.4414737,0.4706529
2020-10-07.out.135,10.0,0.4367154,0.4536654,0.4503355,0.4893456,0.4666721,0.4744536,0.483122,0.455029,0.4796937,0.4390772,0.4437146,0.4571081,0.4411695,0.4767088,0.5031191,0.5115761,0.5107837,0.4669974,0.4528717,0.4623081,0.4661475,0.5194532,0.4941219,0.4969928,0.473105,0.4823677,0.5471452,0.5696396,0.4980121,0.5037002,0.5317188,0.5246599
2020-10-07.out.136,10.0,0.4608711,0.4776308,0.4637426,0.4876078,0.4691593,0.4326329,0.4324426,0.4436997,0.4390713,0.4454362,0.4719348,0.4766545,0.4754939,0.4805595,0.5369009,0.5225802,0.5061808,0.5162505,0.5380551,0.5316375,0.4763966,0.4878208,0.5362737,0.5332893,0.5267903,0.5565995,0.5680248,0.5567356,0.5219272,0.5299924,0.5940585,0.6027925
2020-10-07.out.137,10.0,0.5484258,0.4970877,0.5331563,0.5800147,0.610694,0.5625097,0.5737864,0.5143146,0.4930245,0.5006383,0.5098616,0.4947556,0.4789203,0.5212475,0.4858456,0.5124241,0.543628,0.5088519,0.4754491,0.4784774,0.4636627,0.5271512,0.508297,0.5207338,0.5176128,0.470669,0.4914652,0.5125589,0.5637104,0.5369415,0.5337494,0.5114186
2020-10-07.out.138,10.0,0.4986136,0.508189,0.5539075,0.6123645,0.5832437,0.6047976,0.5712562,0.5352687,0.5428547,0.5358274,0.6670557,0.6456073,0.5986189,0.5824769,0.5398172,0.5798165,0.5967123,0.6043448,0.6627734,0.6240641,0.6307728,0.6452058,0.6063999,0.6530142,0.6353003,0.5877831,0.5544023,0.5616886,0.5978652,0.6471697,0.6037092,0.6093734
2020-10-07.out.139,10.0,0.6062179,0.6336211,0.6069602,0.6074722,0.6106445,0.6527224,0.6602044,0.6398966,0.6149626,0.6290585,0.5689928,0.5980758,0.6038345,0.6654606,0.6853459,0.5835582,0.5818735,0.602829,0.6300418,0.6141552,0.6005822,0.6388552,0.6115099,0.6634084,0.6532893,0.6137297,0.7149005,0.7400451,0.6713577,0.6226888,0.6657643,0.6093269
2020-10-07.out.140,10.0,0.6319222,0.6355594,0.6531127,0.6527373,0.7686549,0.6728,0.6680147,0.7137739,0.6741361,0.6539326,0.5961137,0.6740943,0.6462298,0.6348313,0.6406717,0.6467579,0.6953498,0.6927731,0.6613728,0.6372194,0.6317217,0.6884759,0.741263,0.7013657,0.638959,0.6518523,0.6902304,0.7005082,0.6383104,0.6467741,0.6286955,0.5999598
2020-10-07.out.141,10.0,0.6860388,0.693306,0.6879609,0.7267197,0.6496241,0.6642421,0.6737923,0.6741588,0.7091043,0.7198731,0.7499182,0.8182995,0.7395294,0.812443,0.7747387,0.6974779,0.672174,0.7588784,0.7726119,0.7777333,0.7950389,0.8789457,0.8051102,0.7999114,0.8104189,0.7665024,0.7889157,0.8033462,0.7889855,0.8383699,0.7988492,0.8316607
2020-10-07.out.142,10.0,0.7899105,0.7995026,0.790978,0.7641965,0.7110461,0.7166978,0.7000421,0.7326639,0.7963672,0.7987357,0.8252629,0.7927462,0.7199722,0.7068486,0.760239,0.7613244,0.7677771,0.7889569,0.8271701,0.8351457,0.7902804,0.7980232,0.8377379,0.7921161,0.8587918,0.8839166,0.9400717,0.8199936,0.7277771,0.8277388,0.814133,0.8017953
2020-10-07.out.143,10.0,0.8060942,0.7831983,0.8060764,0.809781,0.8499169,0.8342535,0.8352245,0.8812277,0.8531257,0.8582906,0.8968666,0.8314942,0.8765893,0.7915218,0.7906862,0.8225669,0.9079161,0.8756422,0.8320146,0.7999532,0.8422972,0.838997,0.8587112,0.8755586,0.8685922,0.8529205,0.8193164,0.8443427,0.8339815,0.810108,0.7945514,0.8064141
2020-10-07.out.144,10.0,0.8146504,0.8639607,0.916949,0.9087753,0.8833814,0.8134623,0.8607807,0.8590442,0.9462308,0.9408176,0.8978124,0.8776173,1.0248014,1.103729,1.0566475,0.9207414,1.0226418,0.9182702,1.0908845,0.9978452,1.0640023,1.1815351,1.2009002,1.2238267,1.03595,1.1434049,1.0662468,1.0503292,1.1680732,1.115405,1.0564457,1.1551996
2020-10-07.out.145,10.0,1.0667266,1.0622647,1.1088462,1.0499962,1.0758394,1.1043997,0.985094,0.9312357,1.0627587,1.2087481,1.1329392,1.0843934,1.0029863,1.1143613,1.0555089,1.0157661,1.0176066,1.0528993,1.1124953,1.0608271,1.0921505,1.0480609,1.0990022,1.0638951,1.0917184,1.1335055,1.0411709,1.0080872,1.0877362,1.0945182,1.0315191,0.9991378
2020-10-07.out.146,10.0,1.0234856,1.0786102,0.9338938,0.9383561,0.907055,0.8655178,0.9182069,0.8432764,1.0068907,0.9724996,0.8811663,0.9285217,1.0227641,1.0069086,1.0094358,1.046834,1.0225345,1.0877517,1.0637757,1.0177474,1.0417479,1.0978786,1.099559,1.1149437,1.0431474,1.0586251,1.0633389,1.036453,1.0857569,1.1148411,1.1099424,1.0380207
2020-10-07.out.147,10.0,1.0939251,1.1198557,1.1386454,1.1586532,1.1461412,1.1227726,1.0276947,1.0308449,1.0873992,1.0740738,1.1120657,1.0658202,1.0493119,1.0190848,0.9796261,0.9966584,0.9517986,0.8926936,0.9438803,0.976394,0.9657147,0.9728941,0.9567807,0.9509839,0.9831551,1.0017688,1.0188024,1.010232,1.0305207,0.9614557,0.9430652,0.8850147
2020-10-07.out.148,10.0,0.8609109,0.8309959,0.8509452,0.8973542,0.9172258,0.8830407,0.906654,0.8955443,0.9118528,0.8915484,0.8414373,0.8867262,0.8961559,0.9040975,0.9026599,0.8848489,0.8928452,0.8968583,0.9059444,0.9304725,0.9274106,0.9513896,0.9468251,0.8974331,0.8576491,0.8674239,0.8954434,0.8890481,0.9207909,0.8872769,0.8214516,0.9482973
2020-10-07.out.149,10.0,0.9673998,0.9245146,0.9007748,0.9868233,1.0759087,1.1002655,1.0090642,0.9960563,0.9919626,0.9733621,0.9728165,1.0041332,1.0151265,1.0307106,1.0674803,1.0314482,0.9574784,0.9935463,1.0033533,1.0290301,0.9603737,0.9119865,1.0196552,0.9946819,1.0563647,1.0901053,1.1004852,1.1357434,1.1112112,1.0697086,1.0520814,1.1333289
2020-10-07.out.150,10.0,1.0672362,1.0572683,1.0550889,1.1125969,1.1660409,1.1974058,1.1326207,1.1675042,1.1026199,1.0922132,1.0457624,1.1086405,1.0468622,1.0934664,1.1604953,1.1744443,1.1199883,1.0778143,1.0771835,1.1089633,1.1344085,1.1754009,1.1188968,1.1371774,1.1824436,1.1764225,1.1792642,1.1289138,1.1692987,1.1861877,1.1870149,1.1774167
2020-10-07.out.151,10.0,1.1912499,1.1820833,1.1746849,1.1563653,1.2069002,1.1834183,1.0986857,1.1859371,1.1553669,1.1239901,1.1222828,1.1279369,1.1859443,1.1824091,1.2728449,1.2316677,1.1895284,1.1594984,1.1757142,1.246745,1.1922829,1.1796958,1.269095,1.1749499,1.2241767,1.250615,1.2253547,1.2023519,1.2522256,1.2625565,1.2898088,1.2773534
2020-10-07.out.152,10.0,1.2368713,1.2398902,1.2646213,1.2361016,1.226698,1.252213,1.2260363,1.1894216,1.2354034,1.2356325,1.1904814,1.2750668,1.2332258,1.1816836,1.1742547,1.1919417,1.1593754,1.1864922,1.1979026,1.2206781,1.1650171,1.1908908,1.1818072,1.2025715,1.1851716,1.1869964,1.1710896,1.1682568,1.1446561,1.1459635,1.1881028,1.1927885
2020-10-07.out.153,10.0,1.1663597,1.1569847,1.1519267,1.162266,1.1943996,1.187228,1.1638218,1.1851065,1.2270465,1.2353538,1.1640361,1.1812683,1.2110245,1.3810359,1.4422679,1.2248344,1.1903973,1.157852,1.1647772,1.2009735,1.193399,1.2519261,1.1887557,1.2355012,1.1952358,1.2433688,1.2834433,1.2703453,1.257945,1.2841987,1.2533674,1.2969656
2020-10-07.out.154,10.0,1.2054617,1.1955914,1.243802,1.2932897,1.2087438,1.1978847,1.2207634,1.2637274,1.2489358,1.2687568,1.2792344,1.2119263,1.193501,1.1895309,1.2265357,1.1974635,1.2147995,1.2247969,1.2149267,1.1889861,1.2039774,1.1946498,1.207897,1.1831223,1.1725581,1.1838296,1.2038075,1.2084359,1.1944266,1.1802992,1.1488225,1.1729072
2020-10-07.out.155,10.0,1.2036117,1.2027344,1.1678595,1.2051203,1.2427172,1.3100117,1.2389737,1.1927986,1.196243,1.1955002,1.2283355,1.2302971,1.2279601,1.2038607,1.2513831,1.241316,1.2392047,1.2445552,1.2225942,1.2357603,1.2280503,1.2776394,1.2361512,1.2544539,1.2190687,1.1907304,1.203638,1.2048721,1.1930398,1.1846728,1.2010386,1.2148945
2020-10-07.out.156,10.0,1.2320282,1.1917788,1.1818226,1.2292145,1.2721027,1.2225787,1.2378739,1.2714445,1.2917985,1.2653697,1.2185436,1.2407031,1.2964542,1.2192793,1.179545,1.1883833,1.2263674,1.2199268,1.3038759,1.345024,1.2516357,1.2825284,1.2943627,1.2691441,1.2821437,1.2857254,1.2546085,1.2647556,1.2932492,1.2895523,1.2504331,1.2278689
2020-10-07.out.157,10.0,1.270195,1.2636475,1.2516744,1.2816174,1.2557132,1.2484824,1.2567086,1.235792,1.2365844,1.2143276,1.203647,1.1383742,1.3308137,1.4224538,1.4287458,1.3611321,1.3043086,1.2869648,1.270583,1.2757908,1.2198469,1.284144,1.2595025,1.2564377,1.2738967,1.279743,1.2864474,1.2830477,1.289384,1.3094849,1.2836713,1.2436691
2020-10-07.out.158,10.0,1.2974849,1.3004907,1.2978418,1.3297843,1.3020136,1.2579707,1.3228263,1.2915723,1.2747828,1.2510825,1.2694055,1.2836194,1.3094418,1.294843,1.2871432,1.2557777,1.3039046,1.3111581,1.2949003,1.3108544,1.2904284,1.262167,1.2401518,1.2639388,1.2849711,1.3175272,1.3249579,1.2642784,1.2399825,1.2823717,1.2620554,1.2840527
2020-10-07.out.159,10.0,1.2724586,1.2633909,1.2795747,1.2766567,1.2600002,1.2612516,1.2781562,1.2697034,1.3277918,1.306951,1.288249,1.2654145,1.2361333,1.2685689,1.2696252,1.3152476,1.2973172,1.2796976,1.2604658,1.2806745,1.2963522,1.294497,1.2789887,1.2689896,1.2916606,1.2849055,1.2832381,1.2841822,1.2880359,1.3230448,1.2963659,1.2555301
2020-10-07.out.160,10.0,1.2435234,1.3031856,1.289433,1.3303496,1.3475072,1.3713323,1.3290921,1.319765,1.3095065,1.3062111,1.2712848,1.3053233,1.3394142,1.3337701,1.2878175,1.3384129,1.3426651,1.3310913,1.3653893,1.3321517,1.3698757,1.3210655,1.3653351,1.3053143,1.336502,1.311718,1.2911051,1.3763312,1.3687872,1.3022631,1.3016532,1.3227327
2020-10-07.out.161,10.0,1.3225196,1.3003051,1.3240127,1.3118284,1.3113408,1.3606064,1.325976,1.3034405,1.3072572,1.3386294,1.3407365,1.304718,1.3561666,1.3516773,1.404919,1.387435,1.3869923,1.3428855,1.3759243,1.3831408,1.3962339,1.4005037,1.4029737,1.3610637,1.3883707,1.3970736,1.4303906,1.4162012,1.3945464,1.4027482,1.3993156,1.3715443
2020-10-07.out.162,10.0,1.3494307,1.398383,1.3682657,1.3926428,1.416829,1.4075603,1.3944653,1.39508,1.4287161,1.4814829,1.4760489,1.4297796,1.4039107,1.457249,1.4049998,1.4212038,1.3933971,1.4067881,1.4096717,1.4669778,1.4820672,1.4524316,1.3756302,1.3714088,1.4346908,1.4269027,1.4426043,1.4376346,1.4610062,1.4816924,1.4902803,1.48032
2020-10-07.out.163,10.0,1.5117386,1.5175009,1.5107386,1.4439114,1.4652581,1.4724985,1.4820488,1.4782797,1.429963,1.4764829,1.5698026,1.4927939,1.4665214,1.5110376,1.4431541,1.4230305,1.4325289,1.4610355,1.5062612,1.4239216,1.3837223,1.4582433,1.5300003,1.5065715,1.4972604,1.4997113,1.4534951,1.4522401,1.5400132,1.4782894,1.4692658,1.5100164
2020-10-07.out.164,10.0,1.5010754,1.4610458,1.5049418,1.4592351,1.4687783,1.5088982,1.5228573,1.5362228,1.4932844,1.4474907,1.4467847,1.4798252,1.436693,1.4811514,1.5462856,1.4875406,1.5239994,1.5359565,1.5205957,1.4752584,1.4727814,1.4563594,1.4759017,1.5283957,1.5121714,1.4798087,1.5251792,1.5013662,1.4775016,1.4894508,1.4991056,1.4829505
2020-10-07.out.165,10.0,1.4898865,1.5149487,1.5121308,1.5181806,1.5444566,1.4739672,1.4976645,1.510029,1.5569787,1.531404,1.5169508,1.5031618,1.5179837,1.5188412,1.4802711,1.4656097,1.4415155,1.4542243,1.4794918,1.4644608,1.4954171,1.4669351,1.4478373,1.492727,1.5507683,1.5218327,1.5034195,1.5633204,1.5581306,1.5189422,1.4989691,1.4870734
2020-10-07.out.166,10.0,1.5397429,1.4802836,1.4949362,1.5489309,1.5309839,1.5406918,1.5517866,1.5628603,1.5765724,1.559465,1.5536353,1.5325474,1.5630389,1.5710455,1.5643898,1.5496585,1.5380829,1.5384045,1.5110938,1.5568876,1.5472955,1.5506522,1.5022387,1.4794125,1.503456,1.4995753,1.5507183,1.5416872,1.5743101,1.5575529,1.5191385,1.5101128
2020-10-07.out.167,10.0,1.5426026,1.6004112,1.6001588,1.6125717,1.5549619,1.5746766,1.5598707,1.5817241,1.56584,1.6136119,1.6181251,1.6328099,1.613458,1.5840502,1.5766155,1.5560736,1.5479483,1.5855988,1.5929889,1.6080199,1.6011758,1.5797293,1.5791212,1.5863932,1.6077573,1.5832309,1.5520337,1.5811125,1.5740334,1.6137145,1.6224731,1.5686591
2020-10-07.out.168,10.0,1.6190961,1.6323689,1.6553466,1.6596361,1.6844941,1.6794893,1.6793228,1.5927839,1.5811616,1.5948843,1.6173714,1.6066139,1.6069542,1.5983413,1.6215613,1.626948,1.600483,1.5710079,1.5539207,1.6031374,1.6061121,1.5906885,1.6549515,1.6138811,1.634547,1.6013513,1.6187249,1.6481982,1.6575499,1.665501,1.6834637,1.6458645
2020-10-07.out.169,10.0,1.5947829,1.5645034,1.614093,1.6264284,1.6670458,1.684435,1.6374855,1.6327819,1.6612276,1.6781519,1.6852789,1.6903883,1.7097103,1.7026121,1.6656765,1.6522042,1.6744803,1.6593288,1.6043421,1.6104224,1.6241118,1.664268,1.6372707,1.6654007,1.6548688,1.6253954,1.6024404,1.5713815,1.6416895,1.6165229,1.5888595,1.6332855
2020-10-07.out.170,10.0,1.6274392,1.5875282,1.5782828,1.6002945,1.6202168,1.5985657,1.5921626,1.6339615,1.619132,1.6105823,1.6140041,1.6052844,1.6025573,1.6084776,1.6213292,1.5891991,1.5958916,1.6374818,1.612859,1.5921322,1.5662811,1.5978012,1.6286237,1.6089991,1.6190417,1.6475609,1.6394291,1.609775,1.6062941,1.5825753,1.5810845,1.6232703
2020-10-07.out.171,10.0,1.6173535,1.6230657,1.6155855,1.6303376,1.6469707,1.6824665,1.6574628,1.6736751,1.6421217,1.6910113,1.6963559,1.6357706,1.6211729,1.6292814,1.6229052,1.6514858,1.6725586,1.664601,1.644218,1.6484447,1.644606,1.7016781,1.7161391,1.6934126,1.6832744,1.7188567,1.7200311,1.6833338,1.6609659,1.6814163,1.6668814,1.6689622
2020-10-07.out.172,10.0,1.6875944,1.708545,1.7065656,1.6681458,1.6558577,1.6527611,1.6898524,1.7144969,1.6778089,1.6767527,1.6756219,1.7055666,1.6851847,1.7477912,1.7614777,1.7371484,1.7343078,1.7309989,1.7199429,1.7497648,1.7508437,1.7664886,1.7441291,1.7556046,1.7606702,1.7254964,1.7362778,1.763277,1.7413555,1.7583401,1.7646781,1.7549857
2020-10-07.out.173,10.0,1.7569555,1.7753443,1.7781043,1.7554113,1.716461,1.6759855,1.6397766,1.6973149,1.7313485,1.7457647,1.7198403,1.7309475,1.735006,1.7651352,1.7878832,1.7710854,1.7589993,1.7141522,1.7442436,1.787793,1.7874512,1.7760181,1.7777016,1.7909034,1.7499832,1.7616883,1.7633956,1.7723421,1.7593879,1.7892485,1.7972939,1.8198474
2020-10-07.out.174,10.0,1.7442623,1.7477693,1.7410344,1.6684457,1.7671027,1.7146505,1.7672292,1.8013506,1.8018609,1.8095255,1.8177003,1.8083904,1.799558,1.7935034,1.8048232,1.7553183,1.7871021,1.8130206,1.8267607,1.816758,1.7653286,1.7558619,1.7778788,1.8342761,1.8539175,1.7929945,1.7968721,1.7449534,1.7521428,1.7042032,1.7423001,1.7909564
2020-10-07.out.175,10.0,1.7940256,1.771767,1.7702678,1.7515043,1.729229,1.7643397,1.812286,1.8205234,1.79277,1.7530661,1.8028294,1.8369871,1.7653776,1.7736527,1.7441191,1.7344231,1.7977498,1.8016366,1.7966972,1.8060494,1.8050279,1.8507583,1.8474553,1.8909127,1.8789284,1.8101218,1.7588916,1.756072,1.7809359,1.8406279,1.8322337,1.8282712
2020-10-07.out.176,10.0,1.8320145,1.7986057,1.8126412,1.7986361,1.8392924,1.8565277,1.8500059,1.8149853,1.8263115,1.8453584,1.8265633,1.811191,1.8239531,1.846701,1.851648,1.8444651,1.7922366,1.7910102,1.829519,1.8423591,1.8262972,1.7699274,1.7930764,1.7591184,1.8100136,1.7947369,1.7865705,1.78893,1.7801901,1.7721186,1.7701892,1.8018496
2020-10-07.out.177,10.0,1.8095793,1.7880845,1.8307274,1.880641,1.8702726,1.8300668,1.8694962,1.8541218,1.8202492,1.8233934,1.8280188,1.8510092,1.8511482,1.8377846,1.8162033,1.8247999,1.7890196,1.7810071,1.7984936,1.8295655,1.8266247,1.8264571,1.8361035,1.8109793,1.846019,1.8743682,1.8722605,1.8252726,1.8404879,1.8212428,1.8222449,1.8409234
2020-10-07.out.178,10.0,1.8326944,1.8376294,1.7902155,1.800137,1.8230211,1.8340745,1.8374365,1.831431,1.8413608,1.8522544,1.8340425,1.8941984,1.9089484,1.8298086,1.8671332,1.8752931,1.8939563,1.8826158,1.8882204,1.8824762,1.8513159,1.8358082,1.8762926,1.9014288,1.8627112,1.8394042,1.8243782,1.8332714,1.8661295,1.9021455,1.8862422,1.8679251
2020-10-07.out.179,10.0,1.8556757,1.8432049,1.8640139,1.8830526,1.8761101,1.8879012,1.8929569,1.9326053,1.9311122,1.9023128,1.895893,1.923089,1.8947753,1.8902094,1.849469,1.837537,1.8507835,1.9151283,1.9401619,1.9208304,1.8937572,1.864075,1.9038223,1.9319834,1.9260071,1.9328041,1.9528702,1.9265191,1.9091688,1.8740161,1.9286876,1.947437
2020-10-07.out.180,10.0,1.9646536,1.9466522,1.9558402,1.9522037,1.9236781,1.9025187,1.9505657,1.9460502,1.8825187,1.8712831,1.9074035,1.9707709,1.9372225,1.919579,1.936424,1.9472172,1.9253621,1.9156047,1.8716167,1.9135817,1.9403374,1.92493,1.9393605,1.9528649,1.9946946,1.9878177,1.9628432,1.9427961,1.9389745,1.9114818,1.9048698,1.9170237
2020-10-07.out.181,10.0,1.9401739,1.9440886,1.9489968,1.9416043,1.9685224,1.9689239,1.9738305,1.9547609,1.9468426,1.9357849,1.9285648,1.9667368,1.9263957,1.9414778,1.9776741,1.9833092,1.9526167,1.9687391,1.9638392,1.9859242,1.9651986,1.9266559,1.9153237,1.8918517,1.9623282,1.9499034,1.962592,1.9519699,1.9574928,1.9531186,1.9167733,1.8894291
2020-10-07.out.182,10.0,1.9069155,1.955253,1.9756343,1.9408943,1.94142,1.9193905,1.9161835,1.9303486,1.9242212,1.9769855,2.0178232,1.9493688,1.9382496,1.9754661,1.9750544,1.9644223,1.9410591,1.9130722,1.9098658,1.9682126,1.9931937,1.9913259,1.9965637,1.9805459,1.9634287,1.934379,1.9324981,1.9045112,1.9499062,1.9816019,1.9865215,1.9758463
2020-10-07.out.183,10.0,1.9625789,1.961217,1.9433917,1.951116,1.9860852,2.0076315,1.9937477,1.9787186,1.9547174,1.9819117,1.9972308,1.9884831,1.9831982,1.9776097,2.0101874,1.9977262,2.0137333,2.012568,1.9962541,1.9720255,1.9702495,1.9805029,1.9808633,1.9939033,1.98435,1.9409523,1.9604534,2.0220764,2.0426476,2.0286795,2.0038584,2.0132345
2020-10-07.out.184,10.0,2.0938291,2.0850749,2.0877794,2.0585132,2.0596762,2.0245167,2.0315588,2.0429215,2.0489581,2.0237916,2.0486127,2.0775076,2.0594241,2.0352968,1.9962148,1.9883638,1.9656673,1.9847911,1.9835086,1.9914048,1.9625193,1.9561222,1.9633016,1.9859971,2.0000218,2.0101648,2.007332,2.0128388,2.0389966,2.0289128,2.0264292,2.0207606
2020-10-07.out.185,10.0,2.0064327,2.0261975,2.0514119,2.0559251,2.0497614,2.042379,2.0558141,2.0280952,2.0277867,2.0360123,2.0275302,2.0145927,2.0436,2.0656091,2.0743795,2.0645172,2.0616539,2.045,2.0549131,2.0507538,2.0427927,2.035754,2.02186,2.0239038,2.0415066,2.0328758,2.0667948,2.0631344,2.0553082,2.0572124,2.0685159,2.065565
2020-10-07.out.186,10.0,2.0824882,2.0597987,2.0407285,2.0234986,2.025919,2.0493675,2.0496987,2.0330553,2.0100413,2.0447074,2.0798797,2.075622,2.0869417,2.0661875,2.0517629,2.0246855,1.9926922,1.9640996,1.9774697,1.9868463,2.009941,2.022432,2.0504022,2.0699474,2.0462161,2.0294536,2.0333096,2.0343378,2.0224811,2.0192067,2.0289278,2.0396858
2020-10-07.out.187,10.0,2.0415269,2.0174351,2.0223945,2.0582471,2.0548288,2.0435892,2.0241071,1.9870999,1.9873702,2.0361436,2.0380115,2.0327833,2.0048687,1.9908111,2.0152013,2.016078,2.0086013,1.9787228,1.9710994,2.0039532,2.0024769,1.9824823,1.9751494,2.0073816,2.0143354,2.0029275,2.0145832,2.0286299,2.0279771,2.0299452,2.0253108,2.0228164
2020-10-07.out.188,10.0,2.0026179,1.9634623,1.9338649,1.8561506,1.8242244,1.7547089,1.7432315,1.7454424,1.7535742,1.7503368,1.7302611,1.7152301,1.6719916,1.6405414,1.6303028,1.6254811,1.6127322,1.6121956,1.6065033,1.5950893,1.5715566,1.5594932,1.5595791,1.5641055,1.5619308,1.5093055,1.4845896,1.460605,1.4261429,1.4376045,1.4206652,1.4156895
2020-10-07.out.189,10.0,1.4112974,1.3993165,1.3795947,1.3497077,1.3473577,1.3233368,1.3226845,1.2980418,1.2888442,1.2869071,1.2888895,1.2960021,1.2828677,1.2863103,1.2868963,1.2866135,1.2786063,1.2683124,1.2759322,1.2780889,1.2747817,1.26835,1.2575602,1.2537476,1.2460704,1.244899,1.2493489,1.2481614,1.2534939,1.2527915,1.243419,1.23429
2020-10-07.out.190,10.0,1.2247844,1.2207141,1.2245797,1.2270269,1.2316302,1.2292224,1.2270782,1.2270681,1.2167634,1.2046961,1.1953993,1.1945949,1.195101,1.1970565,1.1946571,1.1939934,1.196178,1.1976837,1.1959859,1.1938543,1.1921733,1.1933626,1.1950401,1.1957921,1.1958224,1.1934121,1.187848,1.1835092,1.1756172,1.174204,1.1749822,1.1636845
2020-10-07.out.191,10.0,1.1569842,1.1570397,1.1614778,1.1559179,1.1556703,1.1585698,1.1607485,1.1603021,1.1598439,1.1504816,1.1473033,1.1439758,1.1471642,1.1404538,1.1414795,1.1385657,1.1400612,1.1431958,1.1432101,1.1429541,1.1378675,1.1340507,1.1338317,1.1350866,1.1372534,1.1403846,1.1391786,1.1338764,1.133195,1.136807,1.1379928,1.1367994
2020-10-07.out.192,10.0,1.1351403,1.1298794,1.1294086,1.1289276,1.1294127,1.1325355,1.1330122,1.1330315,1.1349172,1.1368482,1.1387751,1.1399693,1.139752,1.1366149,1.1344547,1.1332665,1.1332623,1.1342207,1.1322938,1.1335309,1.1327772,1.1332606,1.1323081,1.1328041,1.1339664,1.1371,1.1366166,1.1368566,1.1390269,1.1409437,1.1406978,1.1377923
2020-10-07.out.193,10.0,1.1426146,1.1502547,1.1497528,1.1509546,1.1514237,1.1538323,1.1545119,1.1566578,1.1592829,1.158796,1.1542172,1.1541819,1.1561298,1.1573728,1.1566805,1.1571841,1.1543055,1.1557281,1.1557137,1.1530768,1.1556935,1.1607086,1.1626111,1.1628545,1.1616317,1.1587608,1.1589958,1.158759,1.1604561,1.1599692,1.1602252,1.160477
2020-10-07.out.194,10.0,1.1602497,1.1602497,1.1578436,1.1527789,1.1546981,1.1583018,1.161411,1.1607044,1.1583228,1.1590168,1.1607229,1.1609646,1.1609538,1.1609646,1.1588407,1.1569323,1.1533614,1.1514296,1.1511786,1.1535619,1.1552,1.157116,1.1585418,1.1609293,1.1597663,1.1573417,1.1587978,1.1587978,1.1585544,1.1597663,1.1583371,1.1559268
2020-10-07.out.195,10.0,1.157633,1.1561811,1.1549684,1.1554207,1.1570958,1.157319,1.1578024,1.1592281,1.1599465,1.159971,1.1599835,1.1590025,1.1595228,1.1600062,1.160483,1.161448,1.1611996,1.1621413,1.164079,1.1628789,1.1624039,1.1633312,1.1647629,1.1676422,1.1669171,1.1683379,1.1673778,1.1678528,1.1693072,1.1702697,1.1709798,1.1728941
2020-10-07.out.196,10.0,1.1738608,1.1762921,1.1819844,1.1847998,1.1849979,1.1862189,1.1855081,1.1845707,1.1845833,1.183108,1.1816855,1.1797603,1.1778519,1.1806901,1.184511,1.1816132,1.1748766,1.1701252,1.1718331,1.1763875,1.1792685,1.1809604,1.1795186,1.1804753,1.1811937,1.1809318,1.1833253,1.1832966,1.1847115,1.1859074,1.1849305,1.189282
2020-10-07.out.197,10.0,1.1995808,1.2014849,1.1990562,1.1976043,1.195194,1.1903752,1.1879859,1.1848918,1.1774706,1.1791886,1.177276,1.1746367,1.1708115,1.1710742,1.1708115,1.1705841,1.1684097,1.1677485,1.1643655,1.1657821,1.166028,1.1653525,1.1675598,1.1658746,1.1619999,1.1574277,1.1591373,1.1608225,1.1584786,1.1558839,1.1558486,1.1524472
2020-10-07.out.198,10.0,1.1202898,1.0817094,1.0487039,0.9953654,0.9845912,0.974543,0.984541,0.9802922,0.9687116,0.9683465,0.9558488,0.9109143,0.7438296,0.6983545,0.7204687,0.7066458,0.6425508,0.6481353,0.6181337,0.631057,0.6282248,0.6041639,0.5951136,0.5922611,0.5918643,0.5911923,0.5963394,0.5980986,0.592313,0.5945168,0.5944959,0.5898783
2020-10-07.out.199,10.0,0.5885374,0.5886366,0.5932441,0.5908271,0.5891008,0.5904227,0.5932971,0.594691,0.593944,0.600464,0.5942126,0.5887022,0.5903909,0.5957217,0.5976569,0.5892034,0.5904178,0.5880588,0.5861319,0.5878112,0.5807994,0.5760368,0.5695674,0.5643358,0.5653908,0.5651778,0.557707,0.5602021,0.5618915,0.5604456,0.5573531,0.5568949
2020-10-07.out.200,10.0,0.553309,0.5499816,0.5429925,0.5406157,0.5399235,0.537802,0.5356848,0.5359299,0.5333275,0.5335919,0.5324187,0.5307412,0.5276394,0.5260073,0.5221947,0.5186339,0.504201,0.5035869,0.4988034,0.4935197,0.4938707,0.4948451,0.4965041,0.4962314,0.5000548,0.5033899,0.5031733,0.499328,0.4957623,0.4974827,0.4994079,0.5092554
2020-10-07.out.201,10.0,0.511616,0.5099274,0.5063247,0.502487,0.5018409,0.4996782,0.4987467,0.4980317,0.4961192,0.4932171,0.4864764,0.491569,0.5023235,0.5049325,0.5020455,0.4974953,0.4948577,0.4917468,0.4893861,0.4867215,0.4812398,0.4786888,0.4784453,0.4768048,0.476099,0.4720053,0.4688926,0.4665152,0.4648544,0.4634269,0.4612996,0.4584429
2020-10-07.out.202,10.0,0.4567434,0.4512062,0.4433596,0.4400381,0.441506,0.4407935,0.4333689,0.427899,0.4296481,0.4296481,0.4270087,0.4280125,0.4220205,0.4208651,0.415849,0.4141858,0.4077575,0.4082535,0.4072993,0.4083048,0.4093271,0.4100664,0.4103511,0.4063456,0.3929577,0.3860551,0.3719312,0.3366915,0.3151733,0.3048711,0.2911729,0.2720977
2020-10-07.out.203,10.0,0.268445,0.2625976,0.2603085,0.2569087,0.2449154,0.2400256,0.235834,0.227963,0.2191765,0.205813,0.1977962,0.1920728,0.1804171,0.1735886,0.1698249,0.1607472,0.1517249,0.1512374,0.1464563,0.140801,0.1329167,0.129841,0.1235913,0.1231987,0.1141639,0.1157167,0.1114081,0.1071013,0.1030202,0.1061395,0.1049907,0.0999823
2020-10-07.out.204,10.0,0.0923313,0.0894914,0.0868454,0.0812879,0.0770206,0.0729967,0.0718235,0.0704061,0.0656907,0.0628114,0.0590089,0.0535213,0.0508711,0.0494747,0.0420779,0.029634,0.0265566,0.0270519,0.0253566,0.0244006,0.0236798,0.0167824,0.0117858,0.0096937,0.0083386,0.0064529,0.0066837,0.008582,0.010278,0.0112339,0.0119363,0.0121839
2020-10-07.out.205,10.0,0.012215,0.0148855,0.0136997,0.0105727,0.0103436,0.0093978,0.0091292,0.0078981,0.0069397,0.0053285,0.0012474,-0.0011444,0.0010158,0.0027035,-0.0004193,-0.0052238,-0.0095812,-0.0196072,-0.0171843,-0.0261678,-0.0301851,-0.0306189,-0.0421582,-0.0416235,-0.0438005,-0.0461384,-0.0513691,-0.0576814,-0.0643691,-0.0800976,-0.0980114,-0.1062799
2020-10-07.out.206,10.0,-0.1243471,-0.1773101,-0.2199347,-0.2409574,-0.2490737,-0.2734015,-0.2917651,-0.302124,-0.316206,-0.3407175,-0.3462391,-0.3591003,-0.3609435,-0.3707254,-0.3768313,-0.3810843,-0.3827039,-0.4047055,-0.4225315,-0.4235609,-0.4278215,-0.4275495,-0.439969,-0.4501291,-0.4471388,-0.4341871,-0.427491,-0.4316234,-0.435889,-0.4397571,-0.4428781,-0.4519576
2020-10-07.out.207,10.0,-0.4567268,-0.4581274,-0.4596974,-0.4758264,-0.4853128,-0.4848437,-0.4830087,-0.4856212,-0.4887154,-0.4862664,-0.4852954,-0.4840912,-0.4884384,-0.4985367,-0.5134279,-0.5145194,-0.515899,-0.5233446,-0.525925,-0.5265837,-0.5248717,-0.5269907,-0.5247732,-0.5271894,-0.5329481,-0.5345425,-0.5361705,-0.5376307,-0.536146,-0.5349746,-0.5323226,-0.5315958
2020-10-07.out.208,10.0,-0.529941,-0.5308833,-0.5313541,-0.5320541,-0.5349317,-0.5358506,-0.5418502,-0.5452011,-0.5478363,-0.5473697,-0.5500335,-0.5588981,-0.5655614,-0.5681628,-0.5762402,-0.5836454,-0.5848472,-0.5900174,-0.5935352,-0.5978067,-0.6002187,-0.6016109,-0.6003788,-0.6023032,-0.6037205,-0.6063372,-0.6113683,-0.6103485,-0.6138866,-0.6155557,-0.6172022,-0.6159668
2020-10-07.out.209,10.0,-0.618148,-0.6205272,-0.6250816,-0.6295965,-0.6394363,-0.644193,-0.6478117,-0.6501337,-0.6547066,-0.6561029,-0.6655267,-0.673417,-0.6793081,-0.6892391,-0.702419,-0.7061819,-0.7049717,-0.7001243,-0.7013,-0.7005421,-0.703105,-0.705479,-0.7064063,-0.7056603,-0.7052038,-0.7052121,-0.7088578,-0.7129372,-0.7264068,-0.7342887,-0.7332521,-0.7351629
2020-10-07.out.210,10.0,-0.7394505,-0.7415147,-0.7436648,-0.7421919,-0.7431276,-0.7498901,-0.7536849,-0.758898,-0.7644268,-0.7703776,-0.7657988,-0.7722759,-0.7803684,-0.7851065,-0.7920611,-0.7949051,-0.7929573,-0.8021132,-0.8037185,-0.8082006,-0.8213351,-0.8198479,-0.8262981,-0.8332586,-0.8341514,-0.8382182,-0.8427415,-0.8489853,-0.8739933,-0.8819782,-0.8818613,-0.8911252
2020-10-07.out.211,10.0,-0.890316,-0.8870529,-0.8964362,-0.9039839,-0.9069121,-0.9173534,-0.9203501,-0.9353643,-0.9593567,-0.9775694,-0.9776009,-0.9727375,-0.9662041,-0.9635522,-0.9675803,-0.971162,-0.9706786,-0.9727009,-0.9743826,-0.9798165,-0.9888799,-0.9922199,-0.9960678,-0.995597,-1.0025592,-1.0066159,-1.0024709,-1.002151,-1.0049783,-1.0116953,-1.0090577,-1.007151
2020-10-07.out.212,10.0,-1.005929,-1.0063687,-1.006127,-1.009948,-1.0068605,-1.0056293,-1.0061413,-1.0056293,-1.0068462,-1.0046734,-1.0051812,-1.0006411,-0.9984911,-0.9975704,-0.9982888,-0.9982578,-0.9963291,-0.9965743,-0.9967773,-0.9960976,-0.9933024,-0.9877962,-0.9873146,-0.9892254,-0.9906294,-0.9901174,-0.9908122,-0.9953725,-0.9987143,-1.0012939,-1.0033868,-1.0052724
2020-10-07.out.213,10.0,-1.0054789,-1.0119811,-1.0139004,-1.015808,-1.0157937,-1.0225268,-1.0306318,-1.0366608,-1.037578,-1.0356386,-1.0349404,-1.0392597,-1.0478844,-1.052449,-1.056467,-1.0549798,-1.0525385,-1.0584994,-1.0650117,-1.0652021,-1.0685666,-1.0742875,-1.0776233,-1.0746927,-1.0739163,-1.0774896,-1.0765002,-1.080348,-1.0810504,-1.0829689,-1.0839423,-1.0853959
2020-10-07.out.214,10.0,-1.0896961,-1.0910125,-1.0943459,-1.0993854,-1.1017981,-1.1027195,-1.1031617,-1.1043265,-1.106229,-1.1110865,-1.1079529,-1.1055157,-1.1069659,-1.1105518,-1.1105291,-1.1093248,-1.1097998,-1.1095236,-1.1139145,-1.1129352,-1.1140857,-1.1177271,-1.1215379,-1.1220213,-1.1210385,-1.12197,-1.1210133,-1.1219204,-1.1259359,-1.1295421,-1.1326093,-1.136666
2020-10-07.out.215,10.0,-1.1378888,-1.1412592,-1.1421991,-1.1424055,-1.1419162,-1.1399809,-1.1414101,-1.1414353,-1.1421226,-1.1445252,-1.1435752,-1.141656,-1.1394958,-1.1423811,-1.1452335,-1.1464168,-1.1471234,-1.1480734,-1.1490108,-1.1492735,-1.1497687,-1.1485484,-1.1480406,-1.1480137,-1.1465845,-1.1465887,-1.1485407,-1.1495085,-1.1454071,-1.143988,-1.1432941,-1.1418397
2020-10-07.out.216,10.0,-1.143769,-1.1428191,-1.1423559,-1.1413891,-1.1413445,-1.1432546,-1.1444714,-1.1463487,-1.1487489,-1.1501948,-1.1506841,-1.1513907,-1.151901,-1.152136,-1.1511473,-1.1506639,-1.1518413,-1.1515937,-1.1518228,-1.1544646,-1.1534567,-1.1570485,-1.156059,-1.1560465,-1.1606093,-1.1613134,-1.1620468,-1.1627366,-1.1648825,-1.1670452,-1.1660658,-1.1663142
2020-10-07.out.217,10.0,-1.1656034,-1.1665475,-1.1696887,-1.1692011,-1.1667665,-1.1677207,-1.1689451,-1.1698749,-1.1703457,-1.1722726,-1.1734811,-1.1749246,-1.1756622,-1.1763764,-1.1761532,-1.1753793,-1.1756287,-1.1775664,-1.1796777,-1.1818253,-1.1837076,-1.1875428,-1.1901679,-1.1882452,-1.1908703,-1.1949371,-1.1958711,-1.196827,-1.1953768,-1.196608,-1.1946937,-1.1949371
2020-10-07.out.218,10.0,-1.1949144,-1.1961086,-1.1953709,-1.1963066,-1.1953339,-1.1962881,-1.1965567,-1.1972692,-1.1965584,-1.1977651,-1.1979984,-1.1975419,-1.1968186,-1.1958795,-1.1946727,-1.1949413,-1.195183,-1.1975807,-1.1992641,-1.2023768,-1.2026042,-1.2042464,-1.2052275,-1.2042565,-1.2040047,-1.2034945,-1.2032545,-1.2037403,-1.2022843,-1.2025403,-1.2023112,-1.202542
2020-10-07.out.219,10.0,-1.2034962,-1.2025487,-1.2064108,-1.2121611,-1.2164773,-1.2215235,-1.2279367,-1.2257042,-1.2309156,-1.2366407,-1.2459375,-1.247045,-1.2508248,-1.2544065,-1.2524426,-1.2529194,-1.2522296,-1.2529756,-1.2515111,-1.2536654,-1.2526986,-1.2522313,-1.2527416,-1.25156,-1.2506083,-1.2498849,-1.2489408,-1.2520912,-1.2523448,-1.251671,-1.2532035,-1.2527202
2020-10-07.out.220,10.0,-1.2508345,-1.248916,-1.248019,-1.2412901,-1.2386256,-1.2340467,-1.2311001,-1.2316567,-1.2321401,-1.2306907,-1.2385684,-1.24166,-1.2466566,-1.249734,-1.2504919,-1.2506495,-1.2516054,-1.2535246,-1.2523011,-1.2520392,-1.2543695,-1.2540496,-1.255468,-1.2573872,-1.2602724,-1.2614666,-1.2626255,-1.2623628,-1.2618878,-1.2621051,-1.2632388,-1.2649492
2020-10-07.out.221,10.0,-1.2659302,-1.2658824,-1.2684611,-1.2696646,-1.2713337,-1.273744,-1.2783001,-1.2795044,-1.2811526,-1.2820555,-1.2866511,-1.2902387,-1.2928907,-1.2947949,-1.2965111,-1.2964616,-1.2986225,-1.3029596,-1.3055871,-1.3113022,-1.3177339,-1.3289079,-1.3413871,-1.3511613,-1.3582643,-1.361809,-1.3649175,-1.3682945,-1.3685219,-1.3670037,-1.3684311,-1.3720272
2020-10-07.out.222,10.0,-1.374392,-1.3753403,-1.3748318,-1.3781634,-1.3829326,-1.3865101,-1.3881339,-1.3927152,-1.3970237,-1.4058733,-1.4084328,-1.4096084,-1.4100751,-1.4112238,-1.4112112,-1.4124382,-1.4104844,-1.4109451,-1.4099372,-1.4084769,-1.4094108,-1.4089065,-1.4091465,-1.4091692,-1.4067421,-1.4072398,-1.4074773,-1.4053374,-1.405323,-1.4067505,-1.4074756,-1.4065172
2020-10-07.out.223,10.0,-1.4065046,-1.4084214,-1.4100738,-1.4103364,-1.4093613,-1.4105345,-1.4122406,-1.4126971,-1.4139056,-1.4141347,-1.4146114,-1.4138846,-1.4136429,-1.4129489,-1.4122322,-1.4115281,-1.4122877,-1.4108645,-1.409933,-1.4089687,-1.4082604,-1.4068144,-1.4067959,-1.407959,-1.4108215,-1.4129817,-1.4144074,-1.4160263,-1.4150721,-1.4148496,-1.4136555,-1.4153533
2020-10-07.out.224,10.0,-1.4155841,-1.4139132,-1.4141717,-1.4136841,-1.4127484,-1.4129985,-1.4125378,-1.4117816,-1.412265,-1.4110447,-1.410803,-1.4110262,-1.4108114,-1.4100738,-1.4117589,-1.412943,-1.4124327,-1.4136185,-1.4136059,-1.4152339,-1.4169208,-1.4157207,-1.416925,-1.4181132,-1.4195172,-1.4216739,-1.4250199,-1.4242578,-1.426199,-1.4269325,-1.42812,-1.42812
2020-10-07.out.225,10.0,-1.4295306,-1.4304806,-1.4335832,-1.4352708,-1.4343268,-1.4355394,-1.4357828,-1.4355554,-1.4360497,-1.4350913,-1.4343805,-1.4331637,-1.4334029,-1.431956,-1.4321994,-1.4323932,-1.4318795,-1.4323688,-1.433067,-1.4347462,-1.4364213,-1.4376374,-1.4397572,-1.4419114,-1.4440716,-1.4493343,-1.4507492,-1.4504932,-1.4540976,-1.4548118,-1.4562183,-1.4571851
2020-10-07.out.226,10.0,-1.4583566,-1.4634129,-1.4653087,-1.4669795,-1.4664532,-1.467692,-1.4710177,-1.4717428,-1.4724721,-1.4708005,-1.4712511,-1.4726617,-1.4709783,-1.4726617,-1.4760102,-1.4769416,-1.4767143,-1.4745373,-1.4769291,-1.4769458,-1.4757374,-1.4774292,-1.477388,-1.4783069,-1.4804755,-1.4840674,-1.4833137,-1.4832927,-1.4832927,-1.4842804,-1.4857138,-1.4866823
2020-10-07.out.227,10.0,-1.4866764,-1.4859143,-1.4861434,-1.4887853,-1.4918836,-1.4947772,-1.4966629,-1.495436,-1.4949526,-1.4956389,-1.4978008,-1.4973241,-1.4990093,-1.4992384,-1.5001926,-1.5009428,-1.4997487,-1.4980736,-1.4973384,-1.4980492,-1.4992367,-1.4978033,-1.4958806,-1.4956508,-1.4959092,-1.4952051,-1.4935217,-1.4932817,-1.493296,-1.4933103,-1.4921253,-1.4899668
2020-10-07.out.228,10.0,-1.4894733,-1.4892435,-1.4882816,-1.4877983,-1.4868399,-1.4865898,-1.485879,-1.4868458,-1.486375,-1.4873351,-1.4887811,-1.4892644,-1.4887423,-1.490665,-1.4923191,-1.4923132,-1.4944675,-1.4942258,-1.4956902,-1.4961753,-1.4959235,-1.4968836,-1.4971194,-1.4988113,-1.4978235,-1.4995171,-1.4995011,-1.4990051,-1.4994843,-1.5023612,-1.5009159,-1.5021118
2020-10-07.out.229,10.0,-1.5020968,-1.5028159,-1.507612,-1.5099971,-1.5087852,-1.5116359,-1.5104233,-1.5116251,-1.5121001,-1.511156,-1.5120858,-1.5185217,-1.5293342,-1.5389449,-1.5444367,-1.5436335,-1.5461576,-1.5576439,-1.567153,-1.5681281,-1.5702614,-1.5757557,-1.5816838,-1.5833135,-1.5837599,-1.5830146,-1.5825312,-1.5813144,-1.5834644,-1.5879616,-1.5910449,-1.5931848
2020-10-07.out.230,10.0,-1.5955724,-1.595308,-1.5931538,-1.5917103,-1.5914602,-1.5905001,-1.5905186,-1.5900167,-1.5898078,-1.5929348,-1.598435,-1.6046585,-1.6098658,-1.6086615,-1.6070318,-1.6103181,-1.6177022,-1.6250982,-1.6248524,-1.6247993,-1.6317489,-1.6340793,-1.6354816,-1.6376233,-1.6397741,-1.6406686,-1.6442705,-1.6468872,-1.6492688,-1.6516756,-1.657186,-1.6638493
2020-10-07.out.231,10.0,-1.6714978,-1.6757955,-1.6783818,-1.6810338,-1.6872406,-1.6928148,-1.6958115,-1.6962788,-1.6957382,-1.6968887,-1.6990161,-1.7013565,-1.7013087,-1.7031968,-1.7010157,-1.6993179,-1.6995739,-1.7000489,-1.7005466,-1.697178,-1.6957631,-1.6950565,-1.6984478,-1.6962877,-1.6953192,-1.6950792,-1.6948518,-1.6939539,-1.691537,-1.6900809,-1.6915017,-1.6900397
2020-10-07.out.232,10.0,-1.6914958,-1.6910208,-1.6900296,-1.6912129,-1.6906782,-1.6913537,-1.6947307,-1.6992809,-1.7055247,-1.7119892,-1.7165185,-1.7224836,-1.7222384,-1.7214519,-1.724531,-1.7254734,-1.728315,-1.7275721,-1.7307008,-1.7311758,-1.7297197,-1.7309173,-1.7328408,-1.731655,-1.7311825,-1.7314007,-1.7299572,-1.7294906,-1.731895,-1.7330968,-1.733351,-1.7335693
2020-10-07.out.233,10.0,-1.7328509,-1.7330926,-1.7325764,-1.7311413,-1.7321048,-1.7342801,-1.7333098,-1.7350034,-1.7352014,-1.7342514,-1.734008,-1.7344865,-1.7349556,-1.7368681,-1.7363956,-1.736143,-1.7361413,-1.736143,-1.736404,-1.7361783,-1.7364326,-1.7364343,-1.7361968,-1.7359796,-1.7369446,-1.7357344,-1.7362212,-1.7364595,-1.7364469,-1.7364385,-1.7364343,-1.7349824
2020-10-07.out.234,10.0,-1.7337866,-1.7340241,-1.7337723,-1.7342514,-1.733518,-1.7325453,-1.7337084,-1.7351442,-1.7353607,-1.7372985,-1.7396895,-1.7406402,-1.7413258,-1.7418134,-1.7410883,-1.7425385,-1.7425419,-1.7425486,-1.7428046,-1.7449362,-1.7449236,-1.7449344,-1.7441985,-1.7449505,-1.745407,-1.745882,-1.745407,-1.7451384,-1.7468404,-1.7477904,-1.7487362,-1.7475344
2020-10-07.out.235,10.0,-1.7482636,-1.748032,-1.7477904,-1.7470653,-1.7478029,-1.7475595,-1.7478012,-1.7468446,-1.7482863,-1.7475679,-1.7490047,-1.7490097,-1.748747,-1.748272,-1.7487571,-1.7492464,-1.7495091,-1.7490383,-1.7488109,-1.7478399,-1.7475755,-1.7485263,-1.7480303,-1.7482636,-1.7475452,-1.748251,-1.7494452,-1.7503784,-1.7496995,-1.7485053,-1.7497155,-1.7487411
2020-10-07.out.236,10.0,-1.7492321,-1.7501829,-1.7508761,-1.7513351,-1.7537411,-1.7532333,-1.7544519,-1.7544435,-1.7551602,-1.7554187,-1.7554103,-1.7549908,-1.7552325,-1.7547096,-1.7549126,-1.7541666,-1.7561161,-1.7549042,-1.7565818,-1.7573354,-1.7587681,-1.7575562,-1.7568269,-1.7563435,-1.7570602,-1.7572859,-1.7563149,-1.7572859,-1.7560648,-1.7575234,-1.75824,-1.7575132
2020-10-07.out.237,10.0,-1.7587311,-1.7577937,-1.758758,-1.7575873,-1.7571098,-1.7563771,-1.7568538,-1.7563687,-1.755412,-1.7554103,-1.7554103,-1.7561228,-1.7546726,-1.7546869,-1.7546978,-1.7542036,-1.7544645,-1.7537411,-1.754483,-1.7540013,-1.7532829,-1.7530346,-1.7523179,-1.7520762,-1.7521097,-1.7511573,-1.7518925,-1.7511842,-1.7485549,-1.7490417,-1.748565,-1.7469067
2020-10-07.out.238,10.0,-1.7464376,-1.7454894,-1.7435835,-1.7430892,-1.7423893,-1.7419143,-1.7404642,-1.7407184,-1.7392892,-1.7392892,-1.7390434,-1.7383242,-1.7385516,-1.7390123,-1.7385163,-1.7380329,-1.7382897,-1.7380253,-1.7387521,-1.7389795,-1.738992,-1.7404272,-1.739467,-1.7385003,-1.7382652,-1.738502,-1.7382729,-1.7377819,-1.738027,-1.7375436,-1.7382544,-1.7382418
2020-10-07.out.239,10.0,-1.7384835,-1.737515,-1.7382174,-1.7387008,-1.7384573,-1.7389341,-1.7410901,-1.7413384,-1.7410985,-1.7420586,-1.7410967,-1.740861,-1.7413401,-1.7408676,-1.7408693,-1.741607,-1.7411337,-1.7406521,-1.7404086,-1.7391985,-1.7396836,-1.7392019,-1.7384877,-1.7387252,-1.7384877,-1.7387437,-1.738267,-1.7377895,-1.7370728,-1.7361186,-1.7361186,-1.7356436
2020-10-07.out.240,10.0,-1.7349311,-1.7337579,-1.7323288,-1.7320955,-1.7311447,-1.7304406,-1.7306739,-1.7297155,-1.7292447,-1.7258904,-1.7244671,-1.7237689,-1.7235465,-1.7235398,-1.7228231,-1.7223415,-1.7218689,-1.7220838,-1.724238,-1.7261321,-1.7268505,-1.724217,-1.7249589,-1.7232712,-1.7232939,-1.7230505,-1.7218707,-1.7202141,-1.7214083,-1.7243019,-1.7252603,-1.7264562
2020-10-07.out.241,10.0,-1.727402,-1.7276377,-1.7268917,-1.7261733,-1.7257084,-1.724275,-1.7230791,-1.7226041,-1.7223666,-1.7233191,-1.7250169,-1.7249774,-1.7264132,-1.7256773,-1.7254608,-1.7237874,-1.7228315,-1.7240459,-1.72285,-1.72141,-1.7214083,-1.7192523,-1.7199808,-1.7197601,-1.7185516,-1.7200077,-1.7176243,-1.7142717,-1.7140283,-1.712114,-1.712605,-1.709718
2020-10-07.out.242,10.0,-1.7082906,-1.7078215,-1.7088026,-1.7078341,-1.709286,-1.709286,-1.7088026,-1.7090568,-1.7078585,-1.7081002,-1.7085878,-1.7059644,-1.7040763,-1.7014495,-1.6990451,-1.6985946,-1.6949993,-1.695491,-1.6950027,-1.6950153,-1.6959905,-1.696003,-1.6959905,-1.6955071,-1.6962381,-1.6957488,-1.695534,-1.6948215,-1.693138,-1.6945798,-1.693138,-1.6924129
2020-10-07.out.243,10.0,-1.6914605,-1.6914605,-1.6890628,-1.6888379,-1.6878854,-1.6869473,-1.6864848,-1.6867182,-1.6850389,-1.6836391,-1.6812347,-1.6798013,-1.676922,-1.6738135,-1.6719135,-1.6726278,-1.6747963,-1.6762381,-1.6776865,-1.677434,-1.6781734,-1.6776799,-1.6779216,-1.67769,-1.6767467,-1.6769901,-1.676265,-1.6716921,-1.667386,-1.6671628,-1.6652646,-1.6652998
2020-10-07.out.244,10.0,-1.6660267,-1.6643415,-1.6650665,-1.6650742,-1.6645849,-1.66507,-1.6650759,-1.6634159,-1.6641444,-1.6651112,-1.6651112,-1.6648678,-1.6643844,-1.6639077,-1.6646244,-1.6651028,-1.6636576,-1.6634243,-1.6631843,-1.6622301,-1.6576715,-1.6545571,-1.6550615,-1.6555525,-1.6546001,-1.6546193,-1.6543793,-1.6519935,-1.6524668,-1.6520061,-1.649125,-1.6472159
2020-10-07.out.245,10.0,-1.6462785,-1.6479822,-1.6474988,-1.6477388,-1.6450742,-1.6443617,-1.646553,-1.6458279,-1.644397,-1.642001,-1.6412844,-1.6391318,-1.6360342,-1.6346001,-1.6375147,-1.6365479,-1.6305333,-1.6300834,-1.6308102,-1.6296018,-1.6324811,-1.6341873,-1.6327371,-1.6276909,-1.6274954,-1.6231659,-1.6203176,-1.6208321,-1.6222714,-1.6241965,-1.624184,-1.6217796
2020-10-07.out.246,10.0,-1.6234715,-1.6227464,-1.6184008,-1.6234697,-1.6234715,-1.6208338,-1.6206165,-1.6187022,-1.6184647,-1.617513,-1.6168022,-1.6172957,-1.6052378,-1.6043332,-1.6009704,-1.5961625,-1.5961911,-1.6027321,-1.6000784,-1.5909881,-1.5943979,-1.600656,-1.605683,-1.6042109,-1.60588,-1.6020339,-1.6020297,-1.5979402,-1.6011167,-1.6028086,-1.6068914,-1.6032458
2020-10-07.out.247,10.0,-1.6008499,-1.6020709,-1.6035085,-1.6061503,-1.6034925,-1.5984606,-1.597775,-1.5984892,-1.6004227,-1.6009061,-1.59611,-1.5970852,-1.5985245,-1.6001995,-1.5944164,-1.5937182,-1.5913265,-1.5928053,-1.5906468,-1.5882138,-1.5836888,-1.587561,-1.5851466,-1.5817552,-1.5803219,-1.5798612,-1.5639679,-1.5696085,-1.5785353,-1.5748974,-1.5782685,-1.5809086
2020-10-07.out.248,10.0,-1.5825669,-1.5751045,-1.5700852,-1.5703664,-1.5590562,-1.5581289,-1.5704236,-1.5641512,-1.5726275,-1.5661134,-1.5685463,-1.5560193,-1.5649772,-1.5662202,-1.5669201,-1.5517478,-1.5558893,-1.557812,-1.5493644,-1.5527498,-1.5589995,-1.5498478,-1.5626594,-1.5643143,-1.5614206,-1.5624034,-1.5575745,-1.5563727,-1.5554203,-1.5578389,-1.5607326,-1.5638595
2020-10-07.out.249,10.0,-1.5624017,-1.5576133,-1.5520802,-1.5549596,-1.5590474,-1.5421546,-1.5323702,-1.5354804,-1.547311,-1.5458717,-1.5451693,-1.5519042,-1.5562462,-1.5583879,-1.5561883,-1.5547549,-1.5569217,-1.5561967,-1.5530655,-1.5477944,-1.5550504,-1.5530882,-1.5489718,-1.5150269,-1.4657747,-1.4933972,-1.5251963,-1.5268528,-1.5146254,-1.5189853,-1.5375245,-1.5338335
2020-10-07.out.250,10.0,-1.5102101,-1.5085343,-1.5230008,-1.5059176,-1.4996948,-1.5060101,-1.5236019,-1.5247146,-1.5075993,-1.5230378,-1.5138592,-1.5346309,-1.5201215,-1.5099886,-1.5206335,-1.4987263,-1.4827579,-1.4999933,-1.5035355,-1.440586,-1.4205557,-1.4644856,-1.4877504,-1.504491,-1.4724007,-1.4958268,-1.4943767,-1.4999492,-1.4969899,-1.4663783,-1.4772589,-1.4921282
2020-10-07.out.251,10.0,-1.4911488,-1.4960106,-1.4964939,-1.5115881,-1.4929748,-1.4822346,-1.4709555,-1.4612148,-1.472818,-1.4831859,-1.4546755,-1.4600971,-1.4738294,-1.4398744,-1.4273187,-1.4627592,-1.4159143,-1.4470182,-1.4422549,-1.4157587,-1.3611943,-1.436062,-1.3838744,-1.3747753,-1.3990022,-1.3812733,-1.3865832,-1.3931898,-1.4172603,-1.4054864,-1.4310745,-1.4272081
2020-10-07.out.252,10.0,-1.3905306,-1.4249989,-1.4046617,-1.4061136,-1.3767996,-1.4095849,-1.3984263,-1.3405894,-1.333278,-1.3658434,-1.3795101,-1.4016042,-1.4125676,-1.4103082,-1.3875016,-1.3643877,-1.353613,-1.3837404,-1.404882,-1.4108286,-1.4110141,-1.4153544,-1.4146395,-1.4132145,-1.4343268,-1.4037051,-1.3967816,-1.409761,-1.4135592,-1.4056285,-1.3637067,-1.3699333
2020-10-07.out.253,10.0,-1.3919069,-1.3741751,-1.3749085,-1.3874701,-1.4134113,-1.3837177,-1.3490728,-1.341302,-1.3242827,-1.315075,-1.328669,-1.29617,-1.2931415,-1.2907599,-1.3377951,-1.3637085,-1.3655261,-1.359466,-1.359706,-1.3405967,-1.2899209,-1.2377788,-1.2761105,-1.3413782,-1.3804811,-1.3767699,-1.3786766,-1.4091848,-1.4069153,-1.3803175,-1.3863709,-1.3759838
2020-10-07.out.254,10.0,-1.3945971,-1.3296118,-1.3455736,-1.375194,-1.3919548,-1.3932343,-1.3813911,-1.3568337,-1.3567275,-1.382991,-1.4016215,-1.3786131,-1.3909641,-1.3714445,-1.3703016,-1.3823991,-1.4026211,-1.4043898,-1.3944962,-1.3815438,-1.385415,-1.385458,-1.3775231,-1.3840431,-1.3823596,-1.3917304,-1.4053869,-1.3850843,-1.3928337,-1.3735701,-1.3806392,-1.3994218
2020-10-07.out.255,10.0,-1.3861066,-1.3859204,-1.3835025,-1.3693146,-1.3780511,-1.3775534,-1.3821179,-1.3917161,-1.3664563,-1.3751944,-1.384086,-1.3766572,-1.3855445,-1.3746454,-1.3828699,-1.3609662,-1.3624634,-1.3576799,-1.3724227,-1.3569758,-1.3728767,-1.3656089,-1.3730957,-1.3781133,-1.3764071,-1.3583798,-1.3688165,-1.3680914,-1.3714576,-1.3589557,-1.370793,-1.3721482
2020-10-07.out.256,10.0,-1.3420385,-1.3528691,-1.3272583,-1.3586043,-1.3679094,-1.3724429,-1.3372777,-1.3595114,-1.3652701,-1.3683726,-1.3630578,-1.3486392,-1.3684794,-1.3594929,-1.3558969,-1.3635698,-1.3286446,-1.3324483,-1.3358969,-1.3493345,-1.3591869,-1.3605731,-1.3504109,-1.3557561,-1.3518611,-1.3324113,-1.3452743,-1.3435664,-1.2975139,-1.3295207,-1.3277876,-1.3352996
2020-10-07.out.257,10.0,-1.3236821,-1.3248905,-1.3232399,-1.3223311,-1.3350848,-1.3492164,-1.3453155,-1.3327968,-1.3212844,-1.32659,-1.311981,-1.2988347,-1.3263657,-1.3387834,-1.3264332,-1.3124913,-1.3258537,-1.3258251,-1.3253172,-1.3301126,-1.302189,-1.3174623,-1.320804,-1.3210314,-1.3263252,-1.2901412,-1.3009389,-1.3071845,-1.307422,-1.3129264,-1.3121811,-1.3136657
2020-10-07.out.258,10.0,-1.3083308,-1.3076409,-1.3115056,-1.3096098,-1.3141551,-1.2936233,-1.3018578,-1.3078163,-1.2951415,-1.3035968,-1.2719923,-1.273572,-1.2868562,-1.2982034,-1.3126329,-1.281794,-1.2682181,-1.282768,-1.3048705,-1.3002008,-1.2797305,-1.2989907,-1.2835431,-1.2944338,-1.2951075,-1.2965594,-1.2794972,-1.2932672,-1.2936885,-1.2924926,-1.2872114,-1.2840869
2020-10-07.out.259,10.0,-1.2759549,-1.282944,-1.2853669,-1.2945061,-1.2946982,-1.2814384,-1.2605762,-1.269087,-1.268606,-1.2611412,-1.2566179,-1.2682463,-1.2821396,-1.2727057,-1.2840606,-1.2852076,-1.2765577,-1.2657452,-1.2722921,-1.2741904,-1.2691425,-1.2617213,-1.2653788,-1.2660811,-1.2742358,-1.2751572,-1.27734,-1.2734754,-1.2725237,-1.2722778,-1.2771001,-1.2801925
2020-10-07.out.260,10.0,-1.2823366,-1.2806633,-1.2787364,-1.2785132,-1.2780239,-1.280905,-1.2823694,-1.2811467,-1.2814027,-1.2840689,-1.2871547,-1.2900155,-1.2906935,-1.2899701,-1.2938204,-1.2942686,-1.2983438,-1.3065061,-1.3076775,-1.3057297,-1.304501,-1.3001942,-1.2949095,-1.2925338,-1.2756654,-1.2653632,-1.2592203,-1.2518487,-1.2451543,-1.2428348,-1.2454141,-1.2382943
2020-10-07.out.261,10.0,-1.2289605,-1.2246293,-1.1891472,-1.1868504,-1.1912372,-1.2037307,-1.2086945,-1.1995259,-1.2137382,-1.2226028,-1.1978163,-1.2101648,-1.1789047,-1.1630484,-1.1863796,-1.2012851,-1.1704923,-1.1266314,-1.0915831,-1.1152305,-1.1006711,-1.1182789,-1.1523722,-1.176592,-1.1908989,-1.1915171,-1.1905301,-1.1883322,-1.1943158,-1.2012477,-1.2019005,-1.1990236
2020-10-07.out.262,10.0,-1.1947378,-1.1849021,-1.1738563,-1.1762481,-1.122721,-1.1218551,-1.1654058,-1.1591065,-1.1576773,-1.1529123,-1.1541392,-1.1596807,-1.167655,-1.1443717,-1.1510838,-1.1501255,-1.1472283,-1.1457782,-1.1169796,-1.1237892,-1.1288211,-1.1331296,-1.1381439,-1.1426655,-1.1503671,-1.1408186,-1.1401221,-1.1422461,-1.1474718,-1.1508505,-1.1491779,-1.1498963
2020-10-07.out.263,10.0,-1.1539901,-1.1568652,-1.1630678,-1.1592133,-1.1599325,-1.1645012,-1.166162,-1.1716824,-1.176956,-1.1706483,-1.1774023,-1.180019,-1.1797899,-1.1783255,-1.1756693,-1.1783045,-1.177336,-1.1780838,-1.1785462,-1.1816731,-1.1802069,-1.1835864,-1.1833381,-1.1811695,-1.1782902,-1.1734714,-1.1773234,-1.1718089,-1.1708875,-1.1723604,-1.1761973,-1.1814642
2020-10-07.out.264,10.0,-1.1838316,-1.1833398,-1.1835756,-1.1826214,-1.1813986,-1.180661,-1.1806592,-1.181626,-1.1825844,-1.1818694,-1.1823301,-1.1844844,-1.1844558,-1.1859076,-1.1854082,-1.1870934,-1.1880434,-1.1899661,-1.1902019,-1.190906,-1.1892107,-1.192602,-1.189225,-1.1868147,-1.1901565,-1.1908606,-1.1867753,-1.1850817,-1.1776109,-1.179088,-1.1822166,-1.1848753
2020-10-07.out.265,10.0,-1.185842,-1.1865587,-1.1899375,-1.1904125,-1.1863254,-1.187998,-1.1889421,-1.1901296,-1.1908529,-1.1906004,-1.1910838,-1.192513,-1.1865175,-1.1894238,-1.1843633,-1.1805154,-1.1819589,-1.1836508,-1.1882153,-1.1862985,-1.1865301,-1.1882027,-1.1898946,-1.191082,-1.1927529,-1.193238,-1.1951346,-1.189808,-1.1871787,-1.1867096,-1.18166,-1.1802182
2020-10-07.out.266,10.0,-1.1816701,-1.1811926,-1.1847845,-1.1847635,-1.1852577,-1.1768824,-1.1759652,-1.1781212,-1.1848526,-1.1841233,-1.1858085,-1.1874759,-1.187924,-1.1891325,-1.1891199,-1.1874012,-1.1881514,-1.1852661,-1.1840661,-1.1864805,-1.19008,-1.1905617,-1.1915159,-1.1900741,-1.1900849,-1.193201,-1.1953427,-1.1967828,-1.1943599,-1.1933914,-1.19556,-1.1914579
2020-10-07.out.267,10.0,-1.1883309,-1.18666,-1.1849766,-1.1861833,-1.1905222,-1.1907622,-1.1907538,-1.1878828,-1.1891056,-1.1919765,-1.1938992,-1.1967786,-1.191964,-1.1939101,-1.1933998,-1.1909913,-1.1921997,-1.191708,-1.1941266,-1.1886062,-1.1871864,-1.1799699,-1.1833755,-1.1852822,-1.1857572,-1.1756739,-1.1790737,-1.1771342,-1.1716138,-1.1721418,-1.1760148,-1.1760039
2020-10-07.out.268,10.0,-1.1726538,-1.1779644,-1.1791435,-1.1808084,-1.183436,-1.1841216,-1.1855651,-1.1848383,-1.1850674,-1.1802755,-1.1805189,-1.1817298,-1.1824566,-1.1831691,-1.1822006,-1.1795713,-1.1755331,-1.1765083,-1.1767416,-1.1726378,-1.1688042,-1.1613687,-1.1601998,-1.1595386,-1.1612363,-1.1655138,-1.1705264,-1.1693103,-1.1661977,-1.168618,-1.1712372,-1.1717164
2020-10-07.out.269,10.0,-1.1750833,-1.1769959,-1.1743474,-1.1731599,-1.166937,-1.1681657,-1.164803,-1.1645697,-1.1674651,-1.1688908,-1.1700741,-1.1746428,-1.1715243,-1.1613897,-1.1606891,-1.1590123,-1.1573448,-1.1624172,-1.1667449,-1.1537286,-1.1561741,-1.1629215,-1.1693717,-1.1724886,-1.1731784,-1.1726891,-1.1690871,-1.1700657,-1.1657227,-1.1633267,-1.1674305,-1.1700716
