Unnamed: 0,RobustPCA
OBSEA/2020-01-01.out,0.5
OBSEA/2020-01-02.out,0.0395650663379085
OBSEA/2020-01-03.out,0.0184188839609004
OBSEA/2020-01-04.out,0.1373047551362009
OBSEA/2020-01-05.out,0.0239642091362772
OBSEA/2020-01-06.out,0.0077935475556895
OBSEA/2020-01-07.out,0.0632032427683581
OBSEA/2020-01-08.out,0.1258718984282712
OBSEA/2020-01-09.out,0.2596295882857116
OBSEA/2020-01-10.out,1.0
OBSEA/2020-01-11.out,1.0
OBSEA/2020-01-12.out,1.0
OBSEA/2020-01-13.out,1.0
OBSEA/2020-01-14.out,1.0
OBSEA/2020-01-15.out,1.0
OBSEA/2020-01-16.out,1.0
OBSEA/2020-01-17.out,1.0
OBSEA/2020-01-18.out,1.0
OBSEA/2020-01-19.out,1.0
OBSEA/2020-01-20.out,0.9718888987140551
OBSEA/2020-01-21.out,1.0
OBSEA/2020-01-22.out,1.0
OBSEA/2020-02-15.out,0.5
OBSEA/2020-02-16.out,0.5
OBSEA/2020-02-17.out,0.5
OBSEA/2020-02-18.out,0.5
OBSEA/2020-02-19.out,0.5
OBSEA/2020-02-20.out,0.5
OBSEA/2020-02-22.out,0.5
OBSEA/2020-02-24.out,0.5
OBSEA/2020-02-25.out,0.5
OBSEA/2020-02-26.out,0.5
OBSEA/2020-02-27.out,0.5
OBSEA/2020-02-29.out,0.0105539826649888
OBSEA/2020-03-01.out,0.5
OBSEA/2020-03-02.out,0.5
OBSEA/2020-03-05.out,0.5
OBSEA/2020-03-07.out,0.5
OBSEA/2020-03-08.out,0.5
OBSEA/2020-03-10.out,0.0121164076596759
OBSEA/2020-03-11.out,0.5
OBSEA/2020-03-15.out,0.0292787008855713
OBSEA/2020-03-16.out,0.5
OBSEA/2020-03-18.out,0.5
OBSEA/2020-03-19.out,0.5
OBSEA/2020-03-20.out,0.5
OBSEA/2020-03-21.out,0.5
OBSEA/2020-03-22.out,0.5
OBSEA/2020-03-23.out,0.5
OBSEA/2020-03-24.out,0.5
OBSEA/2020-03-25.out,0.5
OBSEA/2020-03-26.out,0.5
OBSEA/2020-03-27.out,0.5
OBSEA/2020-03-28.out,0.5
OBSEA/2020-03-29.out,0.006081710767772
OBSEA/2020-03-30.out,0.5
OBSEA/2020-03-31.out,0.5
OBSEA/2020-04-01.out,0.0028907805292691
OBSEA/2020-04-02.out,0.5
OBSEA/2020-04-03.out,0.5
OBSEA/2020-04-04.out,0.5
OBSEA/2020-04-05.out,0.5
OBSEA/2020-04-06.out,0.5
OBSEA/2020-04-07.out,0.5
OBSEA/2020-04-08.out,0.5
OBSEA/2020-04-09.out,0.5
OBSEA/2020-04-10.out,0.0474474528733036
OBSEA/2020-04-11.out,0.0320943353963059
OBSEA/2020-04-12.out,0.5
OBSEA/2020-04-13.out,0.5
OBSEA/2020-04-14.out,0.5
OBSEA/2020-04-15.out,0.1263471206873783
OBSEA/2020-04-21.out,0.5
OBSEA/2020-04-23.out,0.0606615905796461
OBSEA/2020-04-24.out,0.4422944119281773
OBSEA/2020-05-01.out,0.0187061755907364
OBSEA/2020-05-02.out,0.5
OBSEA/2020-05-03.out,0.5
OBSEA/2020-05-04.out,0.1401591208914946
OBSEA/2020-05-05.out,0.0221650956317881
OBSEA/2020-05-06.out,0.0036833207622398
OBSEA/2020-05-07.out,0.5
OBSEA/2020-05-08.out,0.138523348342873
OBSEA/2020-05-09.out,0.4553165731773418
OBSEA/2020-05-10.out,0.5979791879905352
OBSEA/2020-05-11.out,0.5
OBSEA/2020-05-12.out,0.069700963916138
OBSEA/2020-05-13.out,0.3439578229396635
OBSEA/2020-05-14.out,0.2941153120731879
OBSEA/2020-05-15.out,0.1534133340281987
OBSEA/2020-05-16.out,0.5865849068964215
OBSEA/2020-05-17.out,0.5
OBSEA/2020-05-18.out,0.5
OBSEA/2020-05-19.out,0.5
OBSEA/2020-05-20.out,0.5
OBSEA/2020-05-21.out,0.5
OBSEA/2020-05-22.out,0.5
OBSEA/2020-05-23.out,0.0092339269080032
OBSEA/2020-05-24.out,0.0565744578714675
OBSEA/2020-05-25.out,0.5
OBSEA/2020-05-27.out,0.2803247603257247
OBSEA/2020-05-29.out,0.089357558793109
OBSEA/2020-05-31.out,0.0499401462997466
OBSEA/2020-06-01.out,0.0847133867314036
OBSEA/2020-06-02.out,0.5
OBSEA/2020-06-03.out,0.5
OBSEA/2020-06-04.out,0.0316948155489437
OBSEA/2020-06-05.out,0.0505413489569874
OBSEA/2020-06-06.out,0.5
OBSEA/2020-06-07.out,0.1617907002340794
OBSEA/2020-06-08.out,0.0401892869710865
OBSEA/2020-06-09.out,0.0417714791513074
OBSEA/2020-06-10.out,0.0349530098261002
OBSEA/2020-06-11.out,0.2057308165219197
OBSEA/2020-06-12.out,0.5
OBSEA/2020-06-13.out,0.053030875900114
OBSEA/2020-06-14.out,0.0700691067498309
OBSEA/2020-06-15.out,0.2616200001747944
OBSEA/2020-06-16.out,0.1057500317984497
OBSEA/2020-06-17.out,0.3144083286006267
OBSEA/2020-06-18.out,0.13926036479844
OBSEA/2020-06-19.out,0.3532350751673232
OBSEA/2020-06-20.out,0.3875114400779524
OBSEA/2020-06-21.out,0.3230482266411359
OBSEA/2020-06-22.out,0.0631048669687035
OBSEA/2020-06-23.out,0.5012440722385201
OBSEA/2020-06-24.out,0.1305011679389232
OBSEA/2020-06-25.out,0.5461549070381614
OBSEA/2020-06-26.out,0.1851846916235603
OBSEA/2020-06-27.out,0.1523950668644069
OBSEA/2020-06-28.out,0.171395592348524
OBSEA/2020-06-29.out,0.0752480302848039
OBSEA/2020-06-30.out,0.2116428782037999
OBSEA/2020-07-01.out,0.1644530112895767
OBSEA/2020-07-02.out,0.3299963861703371
OBSEA/2020-07-03.out,0.407062131750201
OBSEA/2020-07-04.out,0.25677584793784
OBSEA/2020-07-06.out,0.2780375171600622
OBSEA/2020-07-07.out,0.2974927681978593
OBSEA/2020-07-08.out,0.1452419185928214
OBSEA/2020-07-12.out,0.1657445082760566
OBSEA/2020-07-13.out,0.603785972755252
OBSEA/2020-07-15.out,0.2071734340672833
OBSEA/2020-07-16.out,0.3024374163843492
OBSEA/2020-07-17.out,0.2333115933099601
OBSEA/2020-07-18.out,0.2602140607249121
OBSEA/2020-07-19.out,0.1267630913682105
OBSEA/2020-07-20.out,0.2382384554262153
OBSEA/2020-07-21.out,0.0107489585819012
OBSEA/2020-07-22.out,0.5
OBSEA/2020-07-23.out,0.5
OBSEA/2020-07-24.out,0.0030825678163234
OBSEA/2020-07-25.out,0.0006605019815059
OBSEA/2020-07-26.out,0.5046997979911121
OBSEA/2020-07-27.out,0.2002477531230988
OBSEA/2020-07-28.out,0.0374198683738416
OBSEA/2020-08-01.out,0.0274237483176239
OBSEA/2020-08-02.out,0.4072451266304077
OBSEA/2020-08-03.out,0.1925754549817438
OBSEA/2020-08-04.out,0.6324762564499414
OBSEA/2020-08-05.out,0.3467017967559678
OBSEA/2020-08-06.out,0.2282507267018717
OBSEA/2020-08-07.out,0.0280766735472184
OBSEA/2020-08-09.out,0.5
OBSEA/2020-08-10.out,0.5
OBSEA/2020-08-12.out,0.1780776872685267
OBSEA/2020-08-14.out,0.3670643919009544
OBSEA/2020-08-18.out,0.1239706612671294
OBSEA/2020-08-19.out,0.1275018387273659
OBSEA/2020-08-20.out,0.063333934344585
OBSEA/2020-08-21.out,0.1878420816958974
OBSEA/2020-08-22.out,0.1891036762376912
OBSEA/2020-08-23.out,0.544309176525386
OBSEA/2020-08-24.out,0.2568984269929532
OBSEA/2020-08-25.out,0.3247079317465942
OBSEA/2020-08-26.out,0.4991160246853116
OBSEA/2020-08-27.out,0.2384534953073318
OBSEA/2020-08-28.out,0.4821504949827288
OBSEA/2020-08-29.out,0.2795363294807854
OBSEA/2020-08-30.out,0.3603425507222437
OBSEA/2020-08-31.out,0.1746766449203562
OBSEA/2020-09-01.out,0.0211971097999921
OBSEA/2020-09-02.out,0.0246309213310715
OBSEA/2020-09-03.out,0.1541236580198086
OBSEA/2020-09-04.out,0.2558324110192211
OBSEA/2020-09-09.out,0.4220441317971479
OBSEA/2020-09-10.out,0.0322085377546972
OBSEA/2020-09-11.out,0.5
OBSEA/2020-09-13.out,0.5
OBSEA/2020-09-15.out,0.3287339601602334
OBSEA/2020-09-16.out,0.1775618339638207
OBSEA/2020-09-17.out,0.4206952862078721
OBSEA/2020-09-19.out,0.6485924559739792
OBSEA/2020-09-21.out,0.1769954376107931
OBSEA/2020-09-22.out,0.0615045278022939
OBSEA/2020-09-23.out,0.4054365585215276
OBSEA/2020-09-24.out,0.1109809036336403
OBSEA/2020-09-25.out,0.1372693382989748
OBSEA/2020-09-26.out,0.0195061904296503
OBSEA/2020-09-27.out,0.5
OBSEA/2020-09-28.out,0.5
OBSEA/2020-09-29.out,0.1394690816320159
OBSEA/2020-09-30.out,0.0892337699305771
OBSEA/2020-10-01.out,0.1224473679668381
OBSEA/2020-10-04.out,0.1037168251298753
OBSEA/2020-10-05.out,0.1275123007623603
OBSEA/2020-10-06.out,0.153266266725894
OBSEA/2020-10-09.out,0.0219655175568305
OBSEA/2020-10-10.out,0.0478741630137061
OBSEA/2020-10-12.out,0.5
OBSEA/2020-10-13.out,0.5
OBSEA/2020-10-20.out,0.2444149480806179
OBSEA/2020-10-21.out,0.0578926270018528
OBSEA/2020-10-22.out,0.2119128076996097
OBSEA/2020-10-24.out,0.2015045897044584
OBSEA/2020-10-25.out,0.0580186448579439
OBSEA/2020-10-27.out,0.2637827996951509
OBSEA/2020-10-28.out,0.2213896688359247
OBSEA/2020-11-01.out,0.2161456970541484
OBSEA/2020-11-03.out,0.2461445964836005
OBSEA/2020-11-05.out,0.1083632654378227
OBSEA/2020-11-07.out,0.3438926017056225
OBSEA/2020-11-08.out,0.323535911106769
OBSEA/2020-11-09.out,0.1821920762550462
OBSEA/2020-11-10.out,0.0774569300356155
OBSEA/2020-11-11.out,0.1762892280301926
OBSEA/2020-11-12.out,0.0130348419536691
OBSEA/2020-11-13.out,0.0998910345659552
OBSEA/2020-11-14.out,0.3125650027755196
OBSEA/2020-11-15.out,0.7229505876975098
OBSEA/2020-11-16.out,0.1914454380833721
OBSEA/2020-11-19.out,0.1873284034535944
OBSEA/2020-11-21.out,0.2127681014156164
OBSEA/2020-11-22.out,0.1263989783216711
OBSEA/2020-11-23.out,0.2128628271746523
OBSEA/2020-11-25.out,0.4654535531119587
OBSEA/2020-11-26.out,0.8772966805439625
OBSEA/2020-11-27.out,1.0
OBSEA/2020-11-28.out,1.0
OBSEA/2020-11-29.out,0.9918627822893852
OBSEA/2020-11-30.out,1.0
OBSEA/2020-12-01.out,0.9898621853983148
OBSEA/2020-12-02.out,1.0
OBSEA/2020-12-03.out,0.9983685246474588
OBSEA/2020-12-04.out,0.9868788578756904
OBSEA/2020-12-05.out,1.0
OBSEA/2020-12-06.out,0.9954884043558216
OBSEA/2020-12-07.out,1.0
OBSEA/2020-12-08.out,0.3851602782737335
OBSEA/2020-12-09.out,0.5188761959484258
OBSEA/2020-12-10.out,0.2980740226713471
OBSEA/2020-12-11.out,0.4419019305808899
OBSEA/2020-12-12.out,0.4954995943024444
OBSEA/2020-12-13.out,0.5478703003162602
OBSEA/2020-12-14.out,0.4126619514019454
OBSEA/2020-12-15.out,0.6498700105970665
OBSEA/2020-12-16.out,0.6203800780465231
OBSEA/2020-12-17.out,0.5135159751933099
OBSEA/2020-12-18.out,0.5842948045506202
OBSEA/2020-12-19.out,0.4074266384278355
OBSEA/2020-12-20.out,0.4120683086019466
OBSEA/2020-12-21.out,0.4961849127152095
OBSEA/2020-12-23.out,0.2725484748820002
OBSEA/2020-12-26.out,0.5439699366234599
OBSEA/2020-12-28.out,0.1910842221207203
OBSEA/2021-01-01.out,0.3299424268745983
OBSEA/2021-01-02.out,0.5536606980584483
OBSEA/2021-01-03.out,0.7391338097427749
OBSEA/2021-01-04.out,0.5992089474861256
OBSEA/2021-01-05.out,0.482566415737468
OBSEA/2021-01-06.out,0.3291596236947625
OBSEA/2021-01-07.out,0.291235225094929
OBSEA/2021-01-08.out,0.3558476756923739
OBSEA/2021-01-09.out,0.6961225342570687
OBSEA/2021-01-10.out,0.8477793114580097
OBSEA/2021-01-11.out,0.7109357425320615
OBSEA/2021-01-12.out,0.4127798287336945
OBSEA/2021-01-13.out,0.2974183014884147
OBSEA/2021-01-14.out,0.4224758040626567
OBSEA/2021-01-15.out,0.3144287509363134
OBSEA/2021-01-16.out,0.4109485393390039
OBSEA/2021-01-17.out,0.2380026996909756
OBSEA/2021-01-18.out,0.6477933391026455
OBSEA/2021-01-19.out,0.54436828411912
OBSEA/2021-01-20.out,0.4770419483864875
OBSEA/2021-01-21.out,0.4390524438714101
OBSEA/2021-01-22.out,0.4411467298825384
OBSEA/2021-01-23.out,0.1849270016741362
OBSEA/2021-01-24.out,0.3333105181415056
OBSEA/2021-01-25.out,0.2206338253756431
OBSEA/2021-01-26.out,0.3710984385974091
OBSEA/2021-01-27.out,0.4689584775523974
OBSEA/2021-01-28.out,0.3443479190767307
OBSEA/2021-01-29.out,0.432837990734381
OBSEA/2021-01-30.out,0.6134593213697379
OBSEA/2021-01-31.out,0.4917113305404408
OBSEA/2021-02-01.out,0.4964405988214433
OBSEA/2021-02-02.out,0.4235207802468749
OBSEA/2021-02-03.out,0.283982369337637
OBSEA/2021-02-04.out,0.1186349992875769
OBSEA/2021-02-05.out,0.5
OBSEA/2021-02-06.out,0.5
OBSEA/2021-02-07.out,0.5
OBSEA/2021-02-08.out,0.5
OBSEA/2021-02-09.out,0.5
OBSEA/2021-02-10.out,0.5
OBSEA/2021-02-11.out,0.5
OBSEA/2021-02-12.out,0.5
OBSEA/2021-02-13.out,0.5
OBSEA/2021-03-16.out,0.5
OBSEA/2021-03-17.out,0.5
OBSEA/2021-03-18.out,0.5
OBSEA/2021-03-19.out,0.0373348832451099
OBSEA/2021-03-20.out,0.0182670682905957
OBSEA/2021-03-21.out,0.5
OBSEA/2021-03-22.out,0.5
OBSEA/2021-03-23.out,0.5
OBSEA/2021-03-24.out,0.5
OBSEA/2021-07-22.out,0.0102213435709523
OBSEA/2021-07-23.out,0.5
OBSEA/2021-07-24.out,0.1243690926704402
OBSEA/2021-07-25.out,0.0267658042506514
OBSEA/2021-07-26.out,0.0971412197939813
OBSEA/2021-07-27.out,0.0332496801801362
OBSEA/2021-07-28.out,0.0110200154456909
OBSEA/2021-07-29.out,0.0804428954822843
OBSEA/2021-07-30.out,0.0023748075098738
OBSEA/2021-07-31.out,0.0435850252767121
OBSEA/2021-08-01.out,0.013753673622155
OBSEA/2021-08-02.out,0.5
OBSEA/2021-08-03.out,0.0445919939663921
OBSEA/2021-08-04.out,0.0350384144431054
OBSEA/2021-08-05.out,0.5
OBSEA/2021-08-06.out,0.5
OBSEA/2021-08-07.out,0.5
OBSEA/2021-08-08.out,0.0012619071941398
OBSEA/2021-08-09.out,0.0053810267754172
OBSEA/2021-08-10.out,0.060617328564358
OBSEA/2021-08-11.out,0.062862435555909
OBSEA/2021-08-12.out,0.0463686186617879
OBSEA/2021-08-13.out,0.5
OBSEA/2021-08-14.out,0.5
OBSEA/2021-08-15.out,0.5
OBSEA/2021-08-16.out,0.5
OBSEA/2021-08-17.out,0.5
OBSEA/2021-08-18.out,0.5
OBSEA/2021-08-19.out,0.0174809371605491
OBSEA/2021-08-20.out,0.0363119094357156
OBSEA/2021-08-21.out,0.5
OBSEA/2021-08-23.out,0.0276180658627536
OBSEA/2021-08-24.out,0.0010939087409675
OBSEA/2021-08-25.out,0.0008433998944725
OBSEA/2021-08-26.out,0.5
OBSEA/2021-08-27.out,0.5
OBSEA/2021-08-28.out,0.0054921119681123
OBSEA/2021-08-29.out,0.0200293955339878
OBSEA/2021-08-30.out,0.0657380055896956
OBSEA/2021-08-31.out,0.1915867788893217
OBSEA/2021-09-01.out,0.0053799619703687
OBSEA/2021-09-02.out,0.5
OBSEA/2021-09-03.out,0.5
OBSEA/2021-09-04.out,0.0007401772226737
OBSEA/2021-09-05.out,0.5
OBSEA/2021-09-06.out,0.0088285458663311
OBSEA/2021-09-07.out,0.2956792465327043
OBSEA/2021-09-08.out,0.1375109156241824
OBSEA/2021-09-09.out,0.0918607535112756
OBSEA/2021-09-10.out,0.0697657661534122
OBSEA/2021-09-11.out,0.5
OBSEA/2021-09-12.out,0.0276853342339036
OBSEA/2021-09-13.out,0.1312573536827614
OBSEA/2021-09-14.out,0.035105612649871
OBSEA/2021-09-15.out,0.0753703090585138
OBSEA/2021-09-16.out,0.0685456132978875
OBSEA/2021-09-17.out,0.5
OBSEA/2021-09-18.out,0.5
OBSEA/2021-09-19.out,0.5
OBSEA/2021-09-20.out,0.5
OBSEA/2021-09-21.out,0.0205543080273424
OBSEA/2021-09-22.out,0.5
OBSEA/2021-09-23.out,0.5
OBSEA/2021-09-24.out,0.5
OBSEA/2021-09-25.out,0.5
OBSEA/2021-09-26.out,0.5
OBSEA/2021-09-27.out,0.5
OBSEA/2021-09-28.out,0.5
OBSEA/2021-09-29.out,0.1114419073926904
OBSEA/2021-09-30.out,0.182027970395022
OBSEA/2021-10-01.out,0.3151432459750751
OBSEA/2021-10-02.out,0.2928492958420432
OBSEA/2021-10-03.out,0.4673203461664662
OBSEA/2021-10-04.out,0.6166226154601662
OBSEA/2021-10-05.out,0.1933399815213322
OBSEA/2021-10-06.out,0.1783979425283949
OBSEA/2021-10-07.out,0.2333370604941348
OBSEA/2021-10-08.out,0.1172999493510592
OBSEA/2021-10-09.out,0.1265906783269864
OBSEA/2021-10-10.out,0.1885266544843883
OBSEA/2021-10-11.out,0.083406931634866
OBSEA/2021-10-12.out,0.5
OBSEA/2021-10-13.out,0.0398365876588103
OBSEA/2021-10-14.out,0.5
OBSEA/2021-10-15.out,0.0267375729386834
OBSEA/2021-10-16.out,0.0834558558433803
OBSEA/2021-10-17.out,0.0273784563982445
OBSEA/2021-10-18.out,0.0956035930885563
OBSEA/2021-10-19.out,0.5
OBSEA/2021-10-20.out,0.5
OBSEA/2021-10-21.out,0.0369552107494981
OBSEA/2021-10-22.out,0.5
OBSEA/2021-10-23.out,0.4806417496767604
OBSEA/2021-10-24.out,0.0787455215086754
OBSEA/2021-10-25.out,0.5
OBSEA/2021-10-28.out,0.5
OBSEA/2021-10-29.out,0.5
OBSEA/2021-10-30.out,0.0659074695834433
OBSEA/2021-10-31.out,0.0143152451185238
OBSEA/2021-11-01.out,0.5
OBSEA/2021-11-02.out,0.5
OBSEA/2021-11-03.out,0.5
OBSEA/2021-11-04.out,0.5
OBSEA/2021-11-05.out,0.5
OBSEA/2021-11-06.out,0.5
OBSEA/2021-11-07.out,0.5
OBSEA/2021-11-08.out,0.5
OBSEA/2021-11-09.out,0.5
OBSEA/2021-11-10.out,0.5
OBSEA/2021-11-11.out,0.5
OBSEA/2021-11-12.out,0.5
OBSEA/2021-11-15.out,0.1300211792956559
OBSEA/2021-11-16.out,0.077661557367772
OBSEA/2021-11-17.out,0.5
OBSEA/2021-11-18.out,0.5
OBSEA/2021-11-19.out,0.5
OBSEA/2021-11-20.out,0.5
OBSEA/2021-11-21.out,0.5
OBSEA/2021-11-22.out,0.0177327920306544
OBSEA/2021-11-23.out,0.5
OBSEA/2021-11-24.out,0.5
OBSEA/2021-11-25.out,0.5
OBSEA/2021-11-26.out,0.5
OBSEA/2021-11-27.out,0.5
OBSEA/2021-11-28.out,0.5
OBSEA/2021-11-29.out,0.5
OBSEA/2021-11-30.out,0.5
OBSEA/2021-12-01.out,0.5
OBSEA/2021-12-02.out,0.5
OBSEA/2021-12-03.out,0.0026559583151019
OBSEA/2021-12-04.out,0.5
OBSEA/2021-12-05.out,0.5
OBSEA/2021-12-06.out,0.5
OBSEA/2021-12-07.out,0.5
OBSEA/2021-12-08.out,0.0093054356557308
OBSEA/2021-12-09.out,0.0184567786870478
OBSEA/2021-12-10.out,0.5
OBSEA/2021-12-11.out,0.5
OBSEA/2021-12-12.out,0.5
OBSEA/2021-12-13.out,0.5
OBSEA/2021-12-14.out,0.5
OBSEA/2021-12-15.out,0.5
OBSEA/2021-12-16.out,0.0160073744291132
OBSEA/2021-12-17.out,0.5
OBSEA/2021-12-18.out,0.0161748999960429
OBSEA/2021-12-19.out,0.2794185632486923
OBSEA/2021-12-20.out,0.5
OBSEA/2021-12-21.out,0.5
OBSEA/2021-12-22.out,0.5
OBSEA/2021-12-23.out,0.5
OBSEA/2021-12-24.out,0.163191155724573
OBSEA/2021-12-25.out,1.0
OBSEA/2021-12-26.out,1.0
OBSEA/2021-12-27.out,1.0
OBSEA/2021-12-28.out,1.0
OBSEA/2021-12-29.out,1.0
OBSEA/2021-12-30.out,1.0
OBSEA/2021-12-31.out,1.0
OBSEA/2022-01-01.out,0.5
OBSEA/2022-01-02.out,0.5
OBSEA/2022-01-03.out,0.5
OBSEA/2022-01-04.out,0.5
OBSEA/2022-01-05.out,0.5
OBSEA/2022-01-06.out,0.5
OBSEA/2022-01-07.out,0.5
OBSEA/2022-01-08.out,0.5
OBSEA/2022-01-09.out,0.0038475187420107
OBSEA/2022-01-10.out,0.5
OBSEA/2022-01-11.out,0.5
OBSEA/2022-01-12.out,0.5
OBSEA/2022-01-13.out,0.5
OBSEA/2022-01-14.out,0.5
OBSEA/2022-01-15.out,0.5
OBSEA/2022-01-16.out,0.5
OBSEA/2022-01-17.out,0.5
OBSEA/2022-01-18.out,0.5
OBSEA/2022-01-19.out,0.5
OBSEA/2022-01-20.out,0.1104004038468347
OBSEA/2022-01-21.out,0.0286763679567261
OBSEA/2022-01-22.out,0.5
OBSEA/2022-01-23.out,0.5
OBSEA/2022-01-24.out,0.5
OBSEA/2022-01-25.out,0.0180007660370993
OBSEA/2022-01-26.out,0.5
OBSEA/2022-01-27.out,0.5
OBSEA/2022-01-28.out,0.5
OBSEA/2022-01-29.out,0.5
OBSEA/2022-01-30.out,0.0110829475824892
OBSEA/2022-01-31.out,0.5
OBSEA/2022-02-01.out,0.5
OBSEA/2022-02-02.out,0.5
OBSEA/2022-02-03.out,0.5
OBSEA/2022-02-04.out,0.5
OBSEA/2022-02-05.out,0.5
OBSEA/2022-02-06.out,0.5
OBSEA/2022-02-07.out,0.5
OBSEA/2022-02-08.out,0.0162148026310631
OBSEA/2022-02-09.out,0.5
OBSEA/2022-02-10.out,0.5
OBSEA/2022-02-11.out,0.5
OBSEA/2022-02-12.out,0.5
OBSEA/2022-02-13.out,0.5
OBSEA/2022-02-14.out,0.5
OBSEA/2022-02-15.out,0.5
OBSEA/2022-02-16.out,0.5
OBSEA/2022-02-17.out,0.5
OBSEA/2022-02-18.out,0.5
OBSEA/2022-02-19.out,0.5
OBSEA/2022-02-20.out,0.5
OBSEA/2022-02-21.out,0.0088418912908219
OBSEA/2022-02-22.out,0.0116479905870296
OBSEA/2022-02-23.out,0.5
OBSEA/2022-02-24.out,0.5
OBSEA/2022-02-25.out,0.0242615988168544
OBSEA/2022-02-26.out,0.5
OBSEA/2022-02-27.out,0.5
OBSEA/2022-03-01.out,0.5
OBSEA/2022-03-02.out,0.5
OBSEA/2022-03-03.out,0.5
OBSEA/2022-03-04.out,0.5
OBSEA/2022-03-05.out,0.5
OBSEA/2022-03-06.out,0.5
OBSEA/2022-03-07.out,0.5
OBSEA/2022-03-08.out,0.5
OBSEA/2022-03-09.out,0.5
OBSEA/2022-03-10.out,0.5
OBSEA/2022-03-11.out,0.0159345257961396
OBSEA/2022-03-12.out,0.5
OBSEA/2022-03-13.out,0.5
OBSEA/2022-03-14.out,0.0081183935914806
OBSEA/2022-03-15.out,0.0305641158385596
OBSEA/2022-03-16.out,0.5
OBSEA/2022-03-17.out,0.5
OBSEA/2022-03-18.out,0.5
OBSEA/2022-03-19.out,0.5
OBSEA/2022-03-20.out,0.5
OBSEA/2022-03-21.out,0.5
OBSEA/2022-03-22.out,0.5
OBSEA/2022-03-23.out,0.5
OBSEA/2022-03-24.out,0.5
OBSEA/2022-03-25.out,0.5
OBSEA/2022-03-27.out,0.5
OBSEA/2022-03-28.out,0.5
OBSEA/2022-03-29.out,0.5
OBSEA/2022-03-30.out,0.5
OBSEA/2022-03-31.out,0.5
OBSEA/2022-04-01.out,0.5
OBSEA/2022-04-02.out,0.5
OBSEA/2022-04-03.out,0.5
OBSEA/2022-04-04.out,0.5
OBSEA/2022-04-05.out,0.5
OBSEA/2022-04-06.out,0.5
OBSEA/2022-04-07.out,0.5
OBSEA/2022-04-08.out,0.5
OBSEA/2022-04-09.out,0.5
OBSEA/2022-04-10.out,0.5
OBSEA/2022-04-11.out,0.0084771128413745
OBSEA/2022-04-12.out,0.5
OBSEA/2022-04-13.out,0.5
OBSEA/2022-04-15.out,0.5
OBSEA/2022-04-16.out,0.5
OBSEA/2022-04-17.out,0.5
OBSEA/2022-04-18.out,0.5
OBSEA/2022-04-20.out,0.5
OBSEA/2022-04-21.out,0.5
OBSEA/2022-04-22.out,0.5
OBSEA/2022-04-23.out,0.0064488878387254
OBSEA/2022-04-24.out,0.0120914373228079
OBSEA/2022-04-25.out,0.5
OBSEA/2022-04-26.out,0.5
OBSEA/2022-04-27.out,0.0262896966504816
OBSEA/2022-04-28.out,0.5
OBSEA/2022-04-29.out,0.5
OBSEA/2022-04-30.out,0.5
OBSEA/2022-05-01.out,0.5
OBSEA/2022-05-02.out,0.5
OBSEA/2022-05-03.out,0.5
OBSEA/2022-05-04.out,0.079273345466964
OBSEA/2022-05-05.out,0.5
OBSEA/2022-05-06.out,0.1763791392566653
OBSEA/2022-05-07.out,0.5
OBSEA/2022-05-08.out,0.5
OBSEA/2022-05-09.out,0.5
OBSEA/2022-05-10.out,0.5
OBSEA/2022-05-11.out,0.5
OBSEA/2022-05-12.out,0.5
OBSEA/2022-05-13.out,0.5
OBSEA/2022-05-14.out,0.5
OBSEA/2022-05-15.out,0.5
OBSEA/2022-05-16.out,0.6173076723859522
OBSEA/2022-05-17.out,0.5
OBSEA/2022-05-18.out,0.5
OBSEA/2022-05-19.out,0.5
OBSEA/2022-05-21.out,0.5
OBSEA/2022-05-22.out,0.5
OBSEA/2022-05-23.out,0.5
OBSEA/2022-05-27.out,0.5
OBSEA/2022-05-28.out,0.5
OBSEA/2022-05-29.out,0.5
OBSEA/2022-05-30.out,0.5
OBSEA/2022-05-31.out,0.5
OBSEA/2022-06-01.out,0.0248790237321764
OBSEA/2022-06-02.out,0.0812201960361387
OBSEA/2022-06-03.out,0.1121389479399729
OBSEA/2022-06-04.out,0.0736113792480279
OBSEA/2022-06-05.out,0.1301294770879054
OBSEA/2022-06-30.out,0.1056801754148546
OBSEA/2022-07-01.out,0.1205956236067386
OBSEA/2022-07-02.out,0.5
OBSEA/2022-07-04.out,0.1582494843462018
OBSEA/2022-07-05.out,0.1840483378205822
OBSEA/2022-07-06.out,0.2610224430014334
OBSEA/2022-07-07.out,0.2983944559576182
OBSEA/2022-07-08.out,0.2542759996691843
OBSEA/2022-07-09.out,0.2259036360983307
OBSEA/2022-07-10.out,0.0530612605889692
OBSEA/2022-07-11.out,0.1265869265860315
OBSEA/2022-07-13.out,0.0650284907163934
OBSEA/2022-07-14.out,0.2162888395677938
OBSEA/2022-07-15.out,0.0043495274270813
OBSEA/2022-07-22.out,0.0890662896480885
OBSEA/2022-07-23.out,0.4192295166924599
OBSEA/2022-07-24.out,0.1746174100399789
OBSEA/2022-07-25.out,0.129783291776418
OBSEA/2022-07-26.out,0.1598893802727874
OBSEA/2022-07-27.out,0.0126868818741791
OBSEA/2022-07-28.out,0.4081379102281485
OBSEA/2022-07-29.out,0.1272022548298415
OBSEA/2022-07-30.out,0.0454670019882376
OBSEA/2022-07-31.out,0.1983818745891216
OBSEA/2022-08-01.out,0.1634927353587002
OBSEA/2022-08-02.out,0.0302808691895294
OBSEA/2022-08-03.out,0.1509538596833186
OBSEA/2022-08-04.out,0.0418335873523003
OBSEA/2022-08-05.out,0.1114891617534149
OBSEA/2022-08-06.out,0.0485430555806078
OBSEA/2022-08-07.out,0.1041911627078133
OBSEA/2022-08-09.out,0.2537040864370967
OBSEA/2022-08-10.out,0.10553593325995
OBSEA/2022-08-11.out,0.2867646230649631
OBSEA/2022-08-12.out,0.2248616009595894
OBSEA/2022-08-13.out,0.1759269544400765
OBSEA/2022-08-14.out,0.0445261815078883
OBSEA/2022-08-15.out,0.3183266137111417
OBSEA/2022-08-16.out,0.159906173881841
OBSEA/2022-08-17.out,0.0469409564210128
OBSEA/2022-08-19.out,0.0928640235506755
OBSEA/2022-08-20.out,0.1654353873680967
OBSEA/2022-08-21.out,0.3938817271772791
OBSEA/2022-08-22.out,0.166450724491587
OBSEA/2022-08-23.out,0.5
OBSEA/2022-08-25.out,0.0326547093284908
OBSEA/2022-08-26.out,0.5105445796235508
OBSEA/2022-08-27.out,0.5
OBSEA/2022-08-28.out,0.5
OBSEA/2022-08-29.out,0.0083274463557365
OBSEA/2022-08-30.out,0.046510561305046
OBSEA/2022-08-31.out,0.1347938135944209
OBSEA/2022-09-01.out,0.1366826922714579
OBSEA/2022-09-02.out,0.2991668711550246
OBSEA/2022-09-03.out,0.3166813168583508
OBSEA/2022-09-04.out,0.0149388186011382
OBSEA/2022-09-05.out,0.5
OBSEA/2022-09-06.out,0.0236177558477471
OBSEA/2022-09-07.out,0.0674465255789315
OBSEA/2022-09-08.out,0.2391904671289794
OBSEA/2022-09-09.out,0.51963499406646
OBSEA/2022-09-10.out,0.2173916017228129
OBSEA/2022-09-12.out,0.0821620359182517
OBSEA/2022-09-13.out,0.1686818402305725
OBSEA/2022-09-14.out,0.0839170585469619
OBSEA/2022-09-15.out,0.1730058028510325
OBSEA/2022-09-16.out,0.5
OBSEA/2022-09-17.out,0.2762630732924149
OBSEA/2022-09-18.out,0.0711825760861825
OBSEA/2022-09-19.out,0.0403881731233133
OBSEA/2022-09-20.out,0.0608628401674463
OBSEA/2022-09-21.out,0.0062584922260958
OBSEA/2022-09-22.out,0.0077722329043372
OBSEA/2022-09-23.out,0.2625319360350756
OBSEA/2022-09-24.out,0.0239227276471319
OBSEA/2022-09-25.out,0.5
OBSEA/2022-09-26.out,0.5
OBSEA/2022-09-27.out,0.031861085164915
OBSEA/2022-09-28.out,0.0249795681600873
OBSEA/2022-09-29.out,0.3225845487334295
OBSEA/2022-09-30.out,0.1241106313865619
OBSEA/2022-10-01.out,0.1266464598016483
OBSEA/2022-10-05.out,0.0235702594719349
OBSEA/2022-10-06.out,0.1722929203699433
OBSEA/2022-10-07.out,0.5
OBSEA/2022-10-09.out,0.5
OBSEA/2022-10-10.out,0.5
OBSEA/2022-10-11.out,0.5
OBSEA/2022-10-12.out,0.5
OBSEA/2022-10-13.out,0.5
OBSEA/2022-10-15.out,0.0514566632897242
OBSEA/2022-10-16.out,0.0496736045499995
OBSEA/2022-10-17.out,0.1562183366189217
OBSEA/2022-10-19.out,0.0220009933147312
OBSEA/2022-12-15.out,0.5
OBSEA/2022-12-16.out,0.0182333493634208
OBSEA/2022-12-17.out,0.5
OBSEA/2022-12-18.out,0.5
OBSEA/2022-12-19.out,0.5
OBSEA/2022-12-20.out,0.5
OBSEA/2022-12-21.out,0.5
OBSEA/2022-12-22.out,0.5
OBSEA/2022-12-23.out,0.5
OBSEA/2022-12-24.out,0.5
OBSEA/2022-12-25.out,0.5
OBSEA/2022-12-26.out,0.5
OBSEA/2022-12-27.out,0.5
OBSEA/2022-12-28.out,0.5
OBSEA/2022-12-29.out,0.5
OBSEA/2022-12-30.out,0.5
OBSEA/2022-12-31.out,0.5
OBSEA/2023-01-02.out,0.5
OBSEA/2023-01-03.out,0.5
OBSEA/2023-01-04.out,0.5
OBSEA/2023-01-05.out,0.5
OBSEA/2023-01-06.out,0.5
OBSEA/2023-01-08.out,0.5
OBSEA/2023-01-09.out,0.3720878542467005
OBSEA/2023-01-12.out,1.0
OBSEA/2023-01-16.out,0.0297622672081776
OBSEA/2023-01-18.out,0.0256388338206564
OBSEA/2023-01-19.out,0.5
OBSEA/2023-01-22.out,0.5
OBSEA/2023-01-23.out,0.0272674065495141
OBSEA/2023-01-24.out,0.5
OBSEA/2023-01-25.out,0.1160561651279208
OBSEA/2023-01-26.out,0.5
OBSEA/2023-01-27.out,0.5
OBSEA/2023-01-28.out,0.5
OBSEA/2023-01-29.out,0.5
OBSEA/2023-01-30.out,0.5
OBSEA/2023-01-31.out,0.5
OBSEA/2023-02-01.out,0.5
OBSEA/2023-02-02.out,0.0073580267264855
OBSEA/2023-02-03.out,0.5
OBSEA/2023-02-04.out,0.5
OBSEA/2023-02-05.out,0.5
OBSEA/2023-02-06.out,0.015154940066833
OBSEA/2023-02-07.out,0.1578980757923946
OBSEA/2023-02-08.out,0.0254788051251541
OBSEA/2023-02-09.out,0.929364997511651
OBSEA/2023-02-10.out,0.5
OBSEA/2023-02-11.out,0.5
OBSEA/2023-02-12.out,0.5
OBSEA/2023-02-13.out,0.5
OBSEA/2023-02-14.out,0.5
OBSEA/2023-02-15.out,0.5
OBSEA/2023-02-16.out,0.5
OBSEA/2023-02-17.out,0.5
OBSEA/2023-02-18.out,0.5
OBSEA/2023-02-19.out,0.5
OBSEA/2023-02-20.out,0.5
OBSEA/2023-02-21.out,0.5
OBSEA/2023-02-22.out,0.5
OBSEA/2023-02-23.out,0.5
OBSEA/2023-02-24.out,0.5
OBSEA/2023-02-25.out,0.5
OBSEA/2023-02-26.out,0.5
OBSEA/2023-02-27.out,0.0206906447520941
OBSEA/2023-02-28.out,0.5
OBSEA/2023-03-08.out,0.5
OBSEA/2023-03-09.out,0.5
OBSEA/2023-03-10.out,0.5
OBSEA/2023-03-11.out,0.5
OBSEA/2023-03-12.out,0.5
OBSEA/2023-03-13.out,0.5
OBSEA/2023-03-14.out,0.5
OBSEA/2023-03-15.out,0.5
OBSEA/2023-03-16.out,0.5
OBSEA/2023-03-17.out,0.5
OBSEA/2023-03-18.out,0.5
OBSEA/2023-03-19.out,0.5
OBSEA/2023-03-20.out,0.5
OBSEA/2023-03-21.out,0.5
OBSEA/2023-03-22.out,0.5
OBSEA/2023-03-23.out,0.5
OBSEA/2023-03-24.out,0.0069260308942618
OBSEA/2023-03-25.out,0.5
OBSEA/2023-03-27.out,0.5
OBSEA/2023-03-28.out,0.5
OBSEA/2023-03-29.out,0.5
OBSEA/2023-03-30.out,0.5
OBSEA/2023-03-31.out,0.5
OBSEA/2023-04-01.out,0.5
OBSEA/2023-04-02.out,0.5
OBSEA/2023-04-03.out,0.5
OBSEA/2023-04-04.out,0.5
OBSEA/2023-04-06.out,0.5
OBSEA/2023-04-07.out,0.5
OBSEA/2023-04-08.out,0.0062099734868341
OBSEA/2023-04-09.out,0.5
OBSEA/2023-04-10.out,0.5
OBSEA/2023-04-11.out,0.5
OBSEA/2023-04-12.out,0.5
OBSEA/2023-04-13.out,0.5
OBSEA/2023-04-14.out,0.5
OBSEA/2023-04-15.out,0.0006561812714621
OBSEA/2023-04-16.out,0.5
OBSEA/2023-04-17.out,0.5
OBSEA/2023-04-18.out,0.5
OBSEA/2023-04-19.out,0.5
OBSEA/2023-04-20.out,0.5
OBSEA/2023-04-21.out,0.5
OBSEA/2023-04-22.out,0.5
OBSEA/2023-04-24.out,0.5
OBSEA/2023-04-25.out,0.5
OBSEA/2023-04-26.out,0.0057346088833932
OBSEA/2023-04-27.out,0.0063054962431143
OBSEA/2023-04-28.out,0.5
OBSEA/2023-04-29.out,0.5
OBSEA/2023-04-30.out,0.5
OBSEA/2023-05-01.out,0.5
OBSEA/2023-05-02.out,0.0257804642058858
OBSEA/2023-05-03.out,0.5
OBSEA/2023-05-04.out,0.5
OBSEA/2023-05-05.out,0.5
OBSEA/2023-05-06.out,0.5
OBSEA/2023-05-07.out,0.5
OBSEA/2023-05-08.out,0.5
OBSEA/2023-05-09.out,0.5
OBSEA/2023-05-10.out,0.5
OBSEA/2023-05-11.out,0.0275845206598023
OBSEA/2023-05-12.out,0.0539788896396459
OBSEA/2023-05-13.out,0.0979236909735629
OBSEA/2023-05-14.out,0.4960038989283807
OBSEA/2023-05-15.out,0.6324431543946748
OBSEA/2023-05-16.out,0.7575319830245278
OBSEA/2023-05-17.out,0.9934458488170635
OBSEA/2023-05-18.out,0.9966359962390496
OBSEA/2023-05-20.out,1.0
OBSEA/2023-05-21.out,0.9683951159105634
OBSEA/2023-05-22.out,0.134373442061479
OBSEA/2023-05-23.out,0.0059497563650494
OBSEA/2023-05-24.out,0.4262694057794811
OBSEA/2023-05-25.out,0.5
OBSEA/2023-05-26.out,0.6269131845919265
OBSEA/2023-05-27.out,0.0247528046384
OBSEA/2023-05-28.out,0.0738918024926033
OBSEA/2023-05-29.out,0.0034819247014991
OBSEA/2023-05-30.out,0.5
OBSEA/2023-05-31.out,0.5
OBSEA/2023-06-01.out,0.2651020715840565
OBSEA/2023-06-02.out,0.3474329488508454
OBSEA/2023-06-03.out,0.5
OBSEA/2023-06-04.out,0.5
OBSEA/2023-06-05.out,0.5
OBSEA/2023-06-06.out,0.1776254083912664
OBSEA/2023-06-07.out,0.1729141454451138
OBSEA/2023-06-08.out,0.22924119019687
OBSEA/2023-06-09.out,0.1462096007923353
OBSEA/2023-06-10.out,0.1812292208422138
OBSEA/2023-06-11.out,0.0894412055141132
OBSEA/2023-06-12.out,0.1175035273738257
OBSEA/2023-06-14.out,0.1056497372751473
OBSEA/2023-06-15.out,0.070917210682212
OBSEA/2023-06-16.out,0.7034527841108185
OBSEA/2023-06-17.out,0.1270414724774058
OBSEA/2023-06-18.out,0.2046616726054678
OBSEA/2023-06-19.out,0.2145133189245599
OBSEA/2023-06-20.out,0.0004067907297762
OBSEA/2023-06-21.out,0.000531861416307
OBSEA/2023-06-23.out,0.5
OBSEA/2023-06-24.out,0.00304848626312
OBSEA/2023-06-25.out,0.0057459778652328
OBSEA/2023-06-26.out,0.1178966355904641
OBSEA/2023-06-27.out,0.0035488263607143
OBSEA/2023-06-28.out,0.5
OBSEA/2023-06-29.out,0.5
OBSEA/2023-07-05.out,0.5
OBSEA/2023-07-06.out,0.1626661706639698
OBSEA/2023-07-07.out,0.2115887331115253
OBSEA/2023-07-09.out,0.0511840057541757
OBSEA/2023-07-10.out,0.138857702813907
OBSEA/2023-07-11.out,0.189884440741344
OBSEA/2023-07-12.out,0.1602183215473913
OBSEA/2023-07-13.out,0.1964716388299253
OBSEA/2023-07-14.out,0.0954542869135914
OBSEA/2023-07-15.out,0.4236138057156742
OBSEA/2023-07-17.out,0.358132985929427
OBSEA/2023-07-18.out,0.1007130640248976
OBSEA/2023-07-19.out,0.1107638926328329
OBSEA/2023-07-21.out,0.0969466069098368
OBSEA/2023-07-22.out,0.198237763026787
OBSEA/2023-07-23.out,0.3175457538991687
OBSEA/2023-07-24.out,0.3414977970022378
OBSEA/2023-07-25.out,0.2479097171472222
OBSEA/2023-07-26.out,0.0025732223786136
OBSEA/2023-07-27.out,0.166368120382517
OBSEA/2023-07-28.out,0.4633197268261201
OBSEA/2023-07-29.out,0.2187646041075225
OBSEA/2023-07-30.out,0.1479094413578261
OBSEA/2023-07-31.out,0.0464800910109492
OBSEA/2023-08-01.out,0.1921559634262213
OBSEA/2023-08-02.out,0.2723252203616334
OBSEA/2023-08-04.out,0.1211610731097792
OBSEA/2023-08-05.out,0.1689464894142547
OBSEA/2023-08-06.out,0.0707715470268373
OBSEA/2023-08-07.out,0.5409269497240342
OBSEA/2023-08-08.out,0.04906901312516
OBSEA/2023-08-09.out,0.1536227395305829
OBSEA/2023-08-10.out,0.0806031720168704
OBSEA/2023-08-11.out,0.0051748993859612
OBSEA/2023-08-12.out,0.0878967460462784
OBSEA/2023-08-13.out,0.2891134065871843
OBSEA/2023-08-14.out,0.2816924939256258
OBSEA/2023-08-15.out,0.2480914519090566
OBSEA/2023-08-16.out,0.0821638053336174
OBSEA/2023-08-17.out,0.0208249674217478
OBSEA/2023-08-18.out,0.5
OBSEA/2023-08-19.out,0.1248384786829399
OBSEA/2023-08-20.out,0.0501854756111864
OBSEA/2023-08-21.out,0.1395361820826214
OBSEA/2023-08-22.out,0.1973181695847734
OBSEA/2023-08-23.out,0.2308006247944681
OBSEA/2023-08-24.out,0.0112019760483551
OBSEA/2023-08-25.out,0.1031150115249419
OBSEA/2023-08-26.out,0.1535253389678034
OBSEA/2023-08-27.out,0.1685532286621889
OBSEA/2023-08-28.out,0.0139713324788754
OBSEA/2023-08-30.out,0.5
OBSEA/2023-08-31.out,0.5
OBSEA/2023-09-01.out,0.0639422670556205
OBSEA/2023-09-02.out,0.0153378027840672
OBSEA/2023-09-03.out,0.0128526304179692
OBSEA/2023-09-04.out,0.5
OBSEA/2023-09-05.out,0.5
OBSEA/2023-09-06.out,0.0237461924650513
OBSEA/2023-09-07.out,0.5
OBSEA/2023-09-08.out,0.5
OBSEA/2023-09-09.out,0.5
OBSEA/2023-09-11.out,0.0915899872128852
OBSEA/2023-09-12.out,0.1920509772070911
OBSEA/2023-09-13.out,0.0318632537417277
OBSEA/2023-09-14.out,0.0747507769160414
OBSEA/2023-09-16.out,0.1755270146194824
OBSEA/2023-09-17.out,0.2193154965383933
OBSEA/2023-09-18.out,0.0350482990750604
OBSEA/2023-09-19.out,0.6006158725495325
OBSEA/2023-09-20.out,0.0670620026005753
OBSEA/2023-09-21.out,0.145633254066429
OBSEA/2023-09-22.out,0.0319456409510589
OBSEA/2023-09-23.out,0.5
OBSEA/2023-09-24.out,0.1376705162265743
OBSEA/2023-09-25.out,0.1992595851442463
OBSEA/2023-09-26.out,0.5
OBSEA/2023-09-27.out,0.5
OBSEA/2023-09-28.out,0.0105507882272984
OBSEA/2023-09-29.out,0.0056514589680609
OBSEA/2023-09-30.out,0.0886415954474921
OBSEA/2023-10-02.out,0.5
OBSEA/2023-10-03.out,0.1242889465753732
OBSEA/2023-10-04.out,0.0114728685519743
OBSEA/2023-10-05.out,0.0199590500874609
OBSEA/2023-10-06.out,0.5
OBSEA/2023-10-07.out,0.1446474592056674
OBSEA/2023-10-08.out,0.9624820391529976
OBSEA/2023-10-09.out,0.7998988235025447
OBSEA/2023-10-10.out,1.0
OBSEA/2023-10-11.out,0.169465458019747
OBSEA/2023-10-12.out,0.0208193935768531
OBSEA/2023-10-13.out,0.0286278922723258
OBSEA/2023-10-14.out,0.0325898408735702
OBSEA/2023-10-15.out,0.0846910239838483
OBSEA/2023-10-16.out,0.1177446715813918
OBSEA/2023-10-17.out,0.0609458810626085
OBSEA/2023-10-18.out,0.0304973502168286
OBSEA/2023-10-19.out,0.3509225481330666
OBSEA/2023-10-20.out,0.1758610424508775
OBSEA/2023-10-21.out,0.0060036299592634
OBSEA/2023-10-22.out,0.5
OBSEA/2023-10-23.out,0.0373599595482041
OBSEA/2023-10-24.out,0.0007473841554559
OBSEA/2023-10-25.out,0.0069015337395769
OBSEA/2023-10-26.out,0.5
OBSEA/2023-10-27.out,0.0068991590868882
OBSEA/2023-10-30.out,0.0044766013395202
OBSEA/2023-10-31.out,0.5
OBSEA/2023-11-01.out,0.5
OBSEA/2023-11-02.out,0.5
OBSEA/2023-11-03.out,0.0023631988254976
OBSEA/2023-11-04.out,0.5
OBSEA/2023-11-05.out,0.5
OBSEA/2023-11-06.out,0.5
OBSEA/2023-11-07.out,0.5
