,AutoEncoder (AE),DenoisingAutoEncoder (DAE),DeepAnT,Random Black Forest (RR),PCC,HBOS,Torsk,Hybrid KNN,COPOD,RobustPCA
OBSEA/2020-07-25.out,0.0002971296988814,0.000347580813986,0.0006214978267293,0.0004861400109531,0.0020449693462673,0.0476185827709777,0.0008315925191334,0.0003526679604525,0.001818163653074,0.0026384960772885
OBSEA/2020-07-03.out,0.3911675714684597,0.3910947214197798,0.3347445689387736,0.2925106012415854,0.3341056394994453,0.4357716488413685,0.0,0.4136551362060452,0.3535558730610535,0.3580061313843303
OBSEA/2020-05-15.out,0.0,0.0,0.2339206954087999,0.0,0.2474395018169729,0.1798897439743834,0.2164903143607227,0.0,0.0,0.0968059909673914
OBSEA/2022-03-15.out,0.0,0.0,0.1139489988539344,0.0,0.0,0.0,0.0,0.0486149873889151,0.0433228223750903,0.0
OBSEA/2020-04-23.out,0.0,0.0,0.0,0.1142118270771778,0.0,0.1670761551501895,0.0,0.1079591232160028,0.0,0.0
OBSEA/2021-10-02.out,0.5583105086468796,0.5704079697547156,0.5741074197200042,0.4300017205917948,0.5703607777636139,0.3870658812955677,0.0,0.0,0.5437757859016129,0.5702356155262944
OBSEA/2020-12-27.out,0.4899027940573794,0.4899027940573794,0.4899027940573794,0.3343240340605165,0.1362647346198747,0.4397732931091922,0.1777087533949357,0.4899027940573794,0.2142139771443601,0.4899027940573794
OBSEA/2020-07-07.out,0.1029446136220881,0.0,0.0,0.2006245888107357,0.1100598279149591,0.1226616817971714,0.0,0.0,0.2299907791465714,0.0
OBSEA/2020-07-13.out,0.8146473874650654,0.8106901539600879,0.8071520819975102,0.7826000456700009,0.8146473874650654,0.8146473874650654,0.0,0.7784480085774436,0.8141776648383735,0.8146473874650654
OBSEA/2021-09-14.out,0.044068043860633,0.0485256036152554,0.1070792967701283,0.0422540390634161,0.0,0.0400180647034751,0.0,0.0,0.0,0.0
OBSEA/2021-09-21.out,0.0,0.0,0.0506382703299501,0.0,0.0,0.0,0.0,0.0,0.0,0.0
OBSEA/2021-01-21.out,0.645551357921514,0.6554701503371188,0.6427205184370197,0.6722123181725465,0.645551357921514,0.655220397445205,0.3268007340691831,0.6756312931125528,0.645551357921514,0.645551357921514
OBSEA/2022-08-24.out,0.0,0.0713699311516999,0.0763360005457657,0.0,0.0,0.0,0.0,0.0,0.0,0.0
OBSEA/2021-07-27.out,0.0247469615530925,0.0217516267392597,0.0335011115227525,0.0226220093720333,0.0,0.0,0.0,0.0,0.0,0.0
OBSEA/2021-10-30.out,0.1284995417372277,0.1141910630259701,0.1141536764293742,0.0,0.1161694966309407,0.0,0.0,0.0,0.0975238156647722,0.0563857783732915
OBSEA/2020-03-29.out,0.0262775344976201,0.0261529248192446,0.0215586590424524,0.023408128787059,0.0,0.0272819974283569,0.5665907190911941,0.0208450577238589,0.0,0.0124665795244023
OBSEA/2021-08-11.out,0.0833085565643682,0.0867998951096317,0.0,0.0,0.1119778231287228,0.1656692434545847,0.0,0.0,0.0686621055558863,0.0170897583589489
OBSEA/2020-08-07.out,0.0,0.0,0.1002683660027799,0.0,0.0,0.0,0.0,0.0611105186785828,0.0,0.0673032727580514
OBSEA/2020-08-16.out,0.2971035012779513,0.2111782354244781,0.0,0.0,0.0,0.0,0.0785909006051328,0.2111782354244781,0.0,0.0
OBSEA/2021-08-03.out,0.0,0.0,0.0,0.0,0.0,0.0371797748588241,0.0,0.0,0.1184303848968936,0.0816782469700344
OBSEA/2020-06-28.out,0.1832852823470393,0.0,0.2017406023827017,0.0854209348244749,0.2001856789873279,0.2001856789873279,0.1221642912751301,0.0,0.0913099670189293,0.2656179223807043
OBSEA/2022-09-06.out,0.0919751367687138,0.2060857226636008,0.0065331346727943,0.0,0.1930439933974953,0.1164786269506357,0.0,0.0,0.1750571316219387,0.0857134653139748
OBSEA/2020-11-11.out,0.0,0.0,0.1463052098313481,0.0,0.2401842177303226,0.125586242583822,0.0,0.0,0.2390409617858296,0.0
OBSEA/2020-06-04.out,0.0,0.1017460950634335,0.101813217315347,0.1076358524284101,0.0,0.0,0.0,0.1095717959300604,0.0,0.1017460950634335
OBSEA/2022-08-18.out,0.3416314084959863,0.0,0.3799533732067728,0.0,0.3407136116739583,0.4430979134377873,0.0,0.0,0.3082088604812236,0.0
OBSEA/2020-03-10.out,0.0229793247861785,0.0229217296326424,0.0219724978888051,0.0411853852673739,0.0225050328301687,0.0404980455876841,0.2391010474608291,0.0224467440114125,0.024751557533237,0.0343163556618704
OBSEA/2022-09-27.out,0.0763129788772118,0.0959048923459646,0.0364913450252438,0.0,0.0,0.0,0.0,0.0,0.0,0.0496238849866246
OBSEA/2020-08-19.out,0.2891064377429484,0.2891923365809536,0.2905447803187433,0.1828122106515289,0.271681545981509,0.0,0.24060220192068,0.2520144642117768,0.2308651065688705,0.2893069477985927
OBSEA/2022-10-15.out,0.0,0.0,0.0376789426112319,0.0,0.0,0.0551233363212134,0.0,0.0,0.0,0.0
OBSEA/2020-10-25.out,0.0,0.0,0.0,0.0028958385203201,0.0,0.0849179939874056,0.0,0.0,0.0,0.0
OBSEA/2022-07-26.out,0.0,0.0,0.2829758337281898,0.0,0.0,0.1210416217278435,0.1583069588034313,0.0,0.0,0.2864504532200764
OBSEA/2020-10-07.out,0.1823902641717866,0.1823902641717866,0.0,0.1925151914359295,0.0763484782115079,0.0,0.0,0.0,0.0,0.0369400661809891
OBSEA/2020-04-01.out,0.0,0.0,0.0,0.0623574417938824,0.1398796514169325,0.0,0.0,0.0123699257564425,0.0,0.0108256437979271
OBSEA/2020-08-17.out,0.3805030107347584,0.0,0.3805030107347584,0.0,0.0,0.2984283503452902,0.0,0.0,0.1507264064742464,0.3805030107347584
OBSEA/2022-08-17.out,0.0,0.0,0.0912285343195886,0.0,0.0,0.0,0.0,0.0,0.0,0.0821638877165858
OBSEA/2022-02-21.out,0.0,0.0,0.0,0.0,0.0,0.0,0.0,0.0206183526431078,0.0,0.0140227808533956
OBSEA/2021-01-16.out,0.5800419041896694,0.5665083556160964,0.6770352367113006,0.4584722144761854,0.6267846915180799,0.4946744774861366,0.4822812086331621,0.4222634600281854,0.3688403961405251,0.5800419041896694
OBSEA/2021-07-25.out,0.0,0.032610480728472,0.0390486989609532,0.0,0.0,0.0,0.0,0.0585628353682934,0.0,0.0465422355424375
OBSEA/2020-01-06.out,0.0595349146857803,0.0585015214574259,0.0375874048373391,0.0592442167740553,0.0,0.2187480517751638,0.0189292234860056,0.0307066320163582,0.0109541169044916,0.0301571180548306
OBSEA/2020-09-21.out,0.0192761254489947,0.0073233240489385,0.325362593387952,0.0187252043235243,0.2239630369332434,0.0379117498924553,0.1553678752562227,0.0,0.0,0.2831570328099717
OBSEA/2020-05-14.out,0.2964169943983552,0.1197073682260019,0.4557087010851108,0.2046539822490513,0.4802872489573691,0.2867465782511365,0.1506079187522254,0.4517481380665595,0.4114290607405637,0.4517481380665595
OBSEA/2020-06-17.out,0.5298582797553708,0.5298582797553708,0.5398462054278991,0.5533992316778515,0.5299033626859948,0.5298582797553708,0.0,0.5298582797553708,0.5299033626859948,0.5236769221566822
OBSEA/2020-06-09.out,0.1550997855673037,0.0,0.1409346770569018,0.0,0.1409346770569018,0.0,0.0,0.1409346770569018,0.0,0.1409346770569018
OBSEA/2020-10-08.out,0.0,0.0,0.1256038281563077,0.0,0.0582247585206637,0.0403715831775888,0.0,0.1160041405628276,0.106989370161826,0.1160041405628276
OBSEA/2020-07-15.out,0.3791826196187818,0.0,0.0,0.0,0.080766372356277,0.170497216886462,0.0,0.0,0.2787241831565424,0.3748676395594791
OBSEA/2021-01-02.out,0.67351975189172,0.6618075465633063,0.6744044220749298,0.5856314220207158,0.5990172580252598,0.67351975189172,0.3076738187966096,0.0,0.6648682999198036,0.67351975189172
OBSEA/2020-06-25.out,0.3003810413177958,0.3003810413177958,0.0,0.2411523282455007,0.0303136303071566,0.060638344363974,0.0,0.3003810413177958,0.0878982884461109,0.0
OBSEA/2022-08-29.out,0.0,0.0153918626579477,0.0166038047268295,0.0,0.0153974172822144,0.0,0.0,0.0170120588650197,0.0165351673679371,0.0
OBSEA/2021-08-12.out,0.0,0.0,0.0,0.0,0.0,0.0,0.0,0.0,0.0866954012254798,0.0997312294380062
OBSEA/2020-07-02.out,0.4026962384276566,0.4027707085246328,0.4066435116731435,0.4221715095211402,0.3046756009850326,0.1385547708849543,0.0,0.4026590137050486,0.0,0.401013932702927
OBSEA/2022-01-25.out,0.0,0.1536013264508102,0.0357608899107972,0.0,0.2677619769005062,0.2581656205498657,0.0,0.0309933138306386,0.0,0.0
OBSEA/2022-10-06.out,0.0838901012225108,0.0,0.0,0.0,0.0,0.0992440859509004,0.0,0.0,0.0,0.0
OBSEA/2021-11-16.out,0.0,0.0,0.0,0.0,0.0,0.0,0.0,0.0,0.0570914172509391,0.0
OBSEA/2021-01-14.out,0.4912213008364278,0.4912213008364278,0.4968171773127904,0.5187127357372245,0.4879260268063463,0.4912213008364278,0.4979812366290232,0.4912213008364278,0.4108163731935107,0.351354491186136
OBSEA/2022-08-31.out,0.0,0.0280457004873347,0.0307883403893753,0.0,0.0,0.0,0.0,0.2004255485206996,0.0,0.0
OBSEA/2021-01-12.out,0.6225545007007685,0.6225545007007685,0.615343074337688,0.6488822897458475,0.6225545007007685,0.6225545007007685,0.4388182662875225,0.6225545007007685,0.6225545007007685,0.6163024105396716
OBSEA/2020-08-30.out,0.6432741688569091,0.70341281950378,0.7180660496241995,0.5099804843487382,0.6571295635689857,0.537766668755726,0.3575149170239293,0.0,0.6571295635689857,0.6536149923947201
OBSEA/2021-09-15.out,0.0,0.0,0.1218808547358867,0.0,0.0,0.0,0.0,0.0,0.0,0.0
OBSEA/2020-08-02.out,0.0,0.0,0.0,0.222003206042713,0.6432028023112382,0.6229998018136088,0.2133073500617598,0.6399944729595644,0.1312762730084368,0.0
OBSEA/2022-08-30.out,0.0,0.0,0.1213362737464913,0.0,0.1394737922516462,0.1127726010070048,0.0,0.0,0.0,0.0
OBSEA/2021-12-16.out,0.0,0.0,0.6852478722974744,0.0,0.0,0.0,0.8165089298324795,0.0483034635027007,0.0,0.0
OBSEA/2020-09-03.out,0.7687072219467175,0.4151118164119106,0.4117861618321187,0.4351052284931217,0.1150823458767746,0.7395171683302713,0.4570296963476924,0.0,0.5359622402334175,0.4151118164119106
OBSEA/2020-10-18.out,0.5856890977624777,0.5856890977624777,0.5941200006875301,0.4246045874258794,0.5856890977624777,0.3856406535788338,0.0,0.0,0.3811794611602732,0.5856890977624777
OBSEA/2021-08-25.out,0.0186664817440541,0.0167964741177461,0.0038266667402662,0.0,0.006538935291509,0.0062625186489697,0.0,0.0154098635994272,0.0051707702173038,0.0033127922937276
OBSEA/2022-10-01.out,0.0961618215571401,0.0961618215571401,0.0999509966212382,0.0,0.0,0.1274249284918574,0.0,0.0,0.0,0.0
OBSEA/2022-08-14.out,0.0,0.0759323454385043,0.0871483540833195,0.0,0.078352500822917,0.0,0.0,0.0,0.0512038683220813,0.0
OBSEA/2022-09-29.out,0.2543190174419128,0.0,0.255238451344227,0.0,0.2436251402833147,0.1346207007456853,0.0,0.2542933130411851,0.0,0.0827066209039056
OBSEA/2022-08-04.out,0.0,0.0,0.0922583565529399,0.0,0.0,0.0,0.0,0.0,0.0,0.1205909434238076
OBSEA/2022-07-25.out,0.0,0.0,0.1035216639462635,0.0,0.0,0.0,0.0,0.0,0.0,0.0
OBSEA/2021-01-28.out,0.6332338420816102,0.5479497676935234,0.6836015272150686,0.5036915330200762,0.6512600476999593,0.2494692638591431,0.0,0.0,0.5008388529298633,0.6512600476999593
OBSEA/2021-10-18.out,0.2073005614252578,0.2493875648602693,0.2520019085054163,0.0,0.2490835568853177,0.0,0.0,0.0,0.0,0.2491341733996768
OBSEA/2020-07-10.out,0.4521641824627942,0.4525289952687062,0.4629458185198467,0.2002729997264961,0.4420196055359985,0.3549696234226446,0.2910427739896842,0.4025033457839644,0.3704686492729569,0.4521641824627942
OBSEA/2022-08-06.out,0.0,0.0,0.1077007678046886,0.0,0.0963607145732647,0.0,0.0,0.0,0.0179182005687447,0.1427391611712062
OBSEA/2021-08-31.out,0.1042982782694307,0.2522737412574846,0.1273222329721452,0.092616606995122,0.1941240431265288,0.0488635924184124,0.0,0.0,0.1435277414679875,0.2775911834932381
OBSEA/2020-05-23.out,0.0206230772890219,0.0207251834968887,0.0382405426883671,0.0,0.0,0.0,0.0526464601928459,0.0271285944888456,0.0,0.0
OBSEA/2020-06-26.out,0.2796256728621557,0.2751430200873301,0.2051262330833602,0.2772124030904417,0.0,0.1403130973167168,0.0,0.2730338206953719,0.0261025800366428,0.0
OBSEA/2021-09-13.out,0.2043239777548394,0.2070164623684172,0.1994665721600568,0.2090345098993971,0.2216455671446362,0.0,0.0,0.0,0.0,0.0
OBSEA/2020-10-31.out,0.4344031817089978,0.4417877970207949,0.2743564653974318,0.2325950211245671,0.2456466847879219,0.3918106046263906,0.0,0.4384053851133941,0.2639244726243545,0.1579565495561168
OBSEA/2021-12-27.out,0.999995000025,0.999995000025,0.999995000025,0.9421179309197796,0.999995000025,0.999995000025,0.0,0.0,0.999995000025,0.999995000025
OBSEA/2020-06-30.out,0.0,0.0,0.1418080749038033,0.0,0.0,0.0,0.0,0.1250123877645806,0.0,0.0
OBSEA/2021-12-24.out,0.3556999115236059,0.4878482687850829,0.0,0.4556974868359487,0.9590402032638368,0.9718048444438088,0.4783871192216781,0.0,0.6775435508892882,0.4350627069898673
OBSEA/2020-08-22.out,0.4184497633852763,0.2779331770851825,0.3091106086078541,0.0,0.0,0.3139287286615422,0.0,0.1954869580124089,0.0124473236503173,0.0
OBSEA/2020-05-01.out,0.0502152935324028,0.0194816866402922,0.058345076110764,0.0565829526259587,0.0,0.0,0.0,0.0,0.0,0.0537166123475178
OBSEA/2021-01-10.out,0.9499076508925608,0.9499076508925608,0.9499076508925608,0.7069144951584503,0.9499076508925608,0.9499076508925608,0.4849022655767054,0.9499076508925608,0.9499076508925608,0.9499076508925608
OBSEA/2020-01-18.out,0.999995000025,0.999995000025,0.999995000025,0.9421246296546296,0.999995000025,0.999995000025,0.8842542592842593,0.0,0.999995000025,0.999995000025
OBSEA/2020-07-05.out,0.3913578650791712,0.3913578650791712,0.3955185129491392,0.4106238124288553,0.3244337788560115,0.3913578650791712,0.3740887474029927,0.3913578650791712,0.3917225302222923,0.3890818585976781
OBSEA/2020-01-14.out,0.999995000025,0.999995000025,0.999995000025,0.9421246296546296,0.999995000025,0.999995000025,0.8842542592842593,0.0,0.999995000025,0.999995000025
OBSEA/2021-12-19.out,0.0438351876941916,0.0373828107294274,0.3920417814805536,0.0,0.0284081682370965,0.0187681425255558,0.0085606424218536,0.0,0.0,0.0489815778435387
OBSEA/2020-01-19.out,0.999995000025,0.999995000025,0.999995000025,0.9421246296546296,0.999995000025,0.999995000025,0.8842542592842593,0.0,0.999995000025,0.999995000025
OBSEA/2020-01-13.out,0.999995000025,0.999995000025,0.999995000025,0.9421246296546296,0.999995000025,0.999995000025,0.8842542592842593,0.0,0.999995000025,0.999995000025
OBSEA/2022-07-24.out,0.0,0.0,0.1072871016437748,0.0,0.0,0.0,0.0,0.1069227390310415,0.0,0.0
OBSEA/2020-02-29.out,0.0,0.0,0.0346379147397137,0.0,0.0225860263801536,0.0510513959255275,0.0730057700238403,0.0388885075654674,0.0233151679778107,0.0269933091135431
OBSEA/2022-01-20.out,0.2988482139762967,0.0,0.0977676065399887,0.0,0.0,0.2729271858228428,0.1892003773295396,0.0,0.165094941143317,0.282088640934262
OBSEA/2021-08-08.out,0.0180358934118378,0.004507279430938,0.021752050706302,0.0046011810879095,0.0,0.0,0.0,0.004747414065426,0.0155104018937718,0.0047656395103794
OBSEA/2020-03-15.out,0.0533532446842067,0.0894573845739603,0.0,0.1053314577223985,0.0,0.6286526742014332,0.0,0.0,0.3362074139691225,0.0884947294309045
OBSEA/2021-01-05.out,0.6823197382625144,0.6823197382625144,0.6704754675359895,0.4277660863748816,0.6823197382625144,0.6823197382625144,0.420356937382118,0.0,0.6503612162616731,0.6823197382625144
OBSEA/2020-05-13.out,0.6874764971821186,0.7146984770250062,0.6874242769876542,0.5512328187542779,0.6874242769876542,0.7655171832355895,0.4104387320721757,0.0,0.6874764971821186,0.6874242769876542
OBSEA/2020-11-03.out,0.2497114878580633,0.3442869238018768,0.0,0.1427362066318123,0.2889366223619732,0.0,0.0,0.3138746920882705,0.0,0.3090044731929651
OBSEA/2020-10-14.out,0.0362064856057581,0.0924924369243584,0.0,0.0,0.0,0.1442111819705411,0.0,0.0,0.0590401846407239,0.0941868161750394
OBSEA/2020-05-30.out,0.1536474756766856,0.1537296050297846,0.0710319589307618,0.1623193122483331,0.0653060313588647,0.2062144580102951,0.0,0.1538868554690399,0.0,0.1536474756766856
OBSEA/2020-01-10.out,0.999995000025,0.999995000025,0.999995000025,0.9421246296546296,0.999995000025,0.999995000025,0.8842542592842593,0.0,0.999995000025,0.999995000025
OBSEA/2022-09-18.out,0.101429180162381,0.1013957162126665,0.0,0.0,0.1014403397213652,0.0669132190640146,0.0,0.0,0.1013288545129736,0.0
OBSEA/2020-12-17.out,0.7058072961541051,0.650531724241486,0.7107827459631705,0.5909046453535292,0.5242893601906501,0.7058072961541051,0.4129588607964788,0.7058072961541051,0.6488318679804093,0.7058072961541051
OBSEA/2020-12-24.out,0.3542546247738241,0.3421355258066932,0.3427771867045527,0.0,0.205368927730577,0.3420189017400075,0.3898034596580093,0.3299655928944609,0.3431410345790004,0.0
OBSEA/2022-08-09.out,0.3121677113410568,0.3121677113410568,0.0,0.0,0.0988087961702413,0.0341109073012971,0.0,0.3121677113410568,0.0755851710624332,0.0
OBSEA/2022-09-01.out,0.0,0.0096687393782722,0.0,0.0,0.0,0.0,0.0,0.0,0.1084522086923816,0.0
OBSEA/2020-09-14.out,0.0,0.0,0.0302402519980679,0.0,0.0,0.0285469559351173,0.0383271502058263,0.0376171857624092,0.001698606858266,0.0
OBSEA/2022-07-04.out,0.2471271908626956,0.247001694470218,0.0015756785629312,0.0,0.0,0.2684589662511862,0.0,0.0,0.1537347237203095,0.0
OBSEA/2020-01-02.out,0.0123782746813362,0.012384343318776,0.0808881127225094,0.0131815546424894,0.0212851416898118,0.223689471340191,0.0443758343311919,0.0208450577238589,0.1215753444560166,0.1188434266331384
OBSEA/2021-07-24.out,0.0,0.1122326327262483,0.0,0.0,0.0406642598184354,0.0,0.0,0.0,0.1122449592167166,0.0
OBSEA/2020-10-20.out,0.5608946716320469,0.5940856048141604,0.3280490648975119,0.20607453426424,0.294434678579441,0.5135940741501132,0.0,0.6231311646274268,0.2032708533139516,0.095474039825228
OBSEA/2022-07-15.out,0.0262105675401539,0.0,0.014370366544752,0.0,0.0133603087648679,0.0178708407594608,0.0181243278854033,0.0,0.0,0.0
OBSEA/2022-07-28.out,0.0,0.0921906123148077,0.0,0.0,0.0,0.0,0.0,0.0,0.0,0.0
OBSEA/2020-01-04.out,0.7436271395315452,0.7434101182127171,0.0,0.642271214242623,0.6068332714962007,0.5825780510955667,0.361520172616411,0.0,0.6053321457437811,0.3868327783745065
OBSEA/2021-08-23.out,0.0344926752231062,0.1627869799594554,0.0815160887714685,0.0666915295363241,0.0288723083495096,0.1190720541629913,0.0,0.094775865362733,0.0558462203180364,0.0
OBSEA/2020-06-24.out,0.0719296913034553,0.0323328245709388,0.6791252401800212,0.0,0.3126098090404167,0.3977453267401457,0.0522620786714072,0.4857783126499789,0.0,0.0
OBSEA/2020-09-05.out,0.6291742876719142,0.5643984170001161,0.6544273311304156,0.6563178091556895,0.230566625370918,0.6042006857845635,0.6831093387039292,0.0,0.4886128469766095,0.5061792664196836
OBSEA/2021-01-09.out,0.8501559922211993,0.8561710259383021,0.856492850138903,0.7813286688978611,0.8548658806883969,0.8548658806883969,0.7288837237402866,0.853996434470986,0.8375449356395261,0.8548658806883969
OBSEA/2021-10-16.out,0.2359108103020201,0.0,0.0,0.257012110125774,0.1716422520607034,0.1148292534083207,0.0,0.2439250866258528,0.1241850799524909,0.2439250866258528
OBSEA/2021-10-21.out,0.2251492138924934,0.2699532660050184,0.0093262180312808,0.0,0.1756624794829436,0.2822966599292457,0.0,0.0,0.2187410181009115,0.1207429098474325
OBSEA/2020-11-28.out,0.999995000025,0.999995000025,0.999995000025,0.9421246296546296,0.999995000025,0.999995000025,0.8842542592842593,0.0,0.999995000025,0.999995000025
OBSEA/2020-11-12.out,0.1496593432753007,0.0870037510298825,0.0449079236698419,0.0,0.0488852276300496,0.0697843133037888,0.0,0.0806795571942188,0.0,0.0058480603134401
OBSEA/2022-09-12.out,0.1812878884715334,0.0,0.0,0.0,0.1522245091084696,0.2422418148913166,0.0,0.0,0.1808933086632096,0.0
OBSEA/2020-07-20.out,0.0,0.0,0.3077947953262087,0.0,0.0280631253683573,0.0,0.0634211014596554,0.0,0.126536103187712,0.0875143380819648
OBSEA/2021-03-19.out,0.0215586590424524,0.0215739923720171,0.1531972385743205,0.0225720204090949,0.0746428913937056,0.0385563304932793,0.0,0.020842670520481,0.1010198770495593,0.1137499320400459
OBSEA/2020-01-20.out,0.9898231310231193,0.9898231310231193,0.9898231310231193,0.9411509769317044,0.9898231310231193,0.9898231310231193,0.8816303693807586,0.0,0.9898231310231193,0.9898231310231193
OBSEA/2020-12-11.out,0.6365735982736619,0.6254033859794329,0.6244433347545746,0.5054417483391188,0.5166546337616449,0.6254033859794329,0.2737618594003511,0.656475215979365,0.6163521905889318,0.6254033859794329
OBSEA/2021-01-18.out,0.7284858374470715,0.7284858374470715,0.7359061294141218,0.7563183656156037,0.7284858374470715,0.7284858374470715,0.5001442517067112,0.7409190574674203,0.7304576199634718,0.7284858374470715
OBSEA/2020-10-24.out,0.1137419684198153,0.1137419684198153,0.0,0.0,0.0,0.0,0.0,0.1137419684198153,0.0,0.0
OBSEA/2020-05-05.out,0.0823521515646644,0.0823612926663935,0.006684697815867,0.0,0.3328057968089847,0.3685028652542702,0.0,0.0823430124918123,0.3288580345886944,0.0823430124918123
OBSEA/2021-08-28.out,0.0268854703830741,0.0244662528255276,0.0,0.0,0.0,0.0814516992164541,0.0,0.0,0.0249650794017124,0.0206372642273964
OBSEA/2022-07-09.out,0.3376595311415593,0.3376595311415593,0.0,0.0,0.0,0.1460406353492377,0.0,0.0,0.0,0.0
OBSEA/2021-07-31.out,0.0415447628121713,0.0543850969799467,0.1180559573039957,0.0536945907084214,0.1180945419080962,0.0,0.0,0.0,0.1180559573039957,0.1073785006341628
OBSEA/2021-01-29.out,0.6093632183339719,0.6093632183339719,0.6116274181534478,0.551346014684965,0.6093632183339719,0.6093632183339719,0.4401187139362736,0.6093632183339719,0.6093632183339719,0.6093632183339719
OBSEA/2020-11-06.out,0.0,0.0,0.141221039915052,0.0,0.2970283626106485,0.1387320135237,0.0,0.1547318736895844,0.0,0.0059128999568726
OBSEA/2022-02-22.out,0.0,0.0566796112102554,0.0280299099838538,0.0,0.0078524133787798,0.027216719722621,0.0469580319879621,0.0302825636564155,0.0093983589866257,0.0185221413215407
OBSEA/2020-07-14.out,0.4979987422702604,0.5005402835466188,0.5063519649229515,0.4622812440410537,0.493306078611904,0.5010371886178785,0.0,0.0,0.5010371886178785,0.4414214551094807
OBSEA/2021-10-08.out,0.0,0.0,0.1304911360735866,0.0,0.0,0.0570379031791154,0.0,0.0,0.0,0.0
OBSEA/2022-02-25.out,0.0,0.0,0.3645310398328535,0.0,0.0,0.0226156829214613,0.1841894113045643,0.0318355551237553,0.0,0.0
OBSEA/2020-10-29.out,0.5529693614893794,0.5528759698534846,0.5923935447199057,0.5619964394074968,0.5188908948024339,0.2428044028980723,0.4809072867392731,0.0,0.555633497093752,0.5526371498613851
OBSEA/2020-05-31.out,0.0,0.0,0.3683602072513169,0.0,0.0,0.0,0.0855941702520446,0.0095961596187929,0.0,0.0
OBSEA/2020-10-01.out,0.3226530889898186,0.3227157401761518,0.3299555533193225,0.33911165030725,0.2646065258483506,0.375750795809657,0.0,0.0,0.3538152500260927,0.3226530889898186
OBSEA/2021-01-30.out,0.836593800464259,0.8374645459337199,0.8371010340750301,0.8262311635320289,0.836593800464259,0.836593800464259,0.0,0.0,0.825019382989008,0.836593800464259
OBSEA/2020-10-16.out,0.2369125120660093,0.1301907905576118,0.2587740760692273,0.0,0.0,0.191304934630889,0.3013520831847091,0.0,0.0678362257270913,0.2369125120660093
OBSEA/2020-11-30.out,0.999995000025,0.999995000025,0.999995000025,0.9421246296546296,0.999995000025,0.999995000025,0.8842542592842593,0.0,0.999995000025,0.999995000025
OBSEA/2020-06-16.out,0.0,0.0,0.0,0.0,0.0,0.1625240927560817,0.0,0.1867769005745845,0.0,0.1869141933946953
OBSEA/2020-11-18.out,0.5895522683155858,0.6666135390462397,0.4803174048982728,0.5487332244028845,0.5828223816717046,0.5684658176251641,0.6198132640472068,0.0,0.4373258442997343,0.5684658176251641
OBSEA/2020-08-04.out,0.2853050469714687,0.2740620522893273,0.0247266096569844,0.2802712713849055,0.4122779683742832,0.6001724185724807,0.0698095849438619,0.2721579595800445,0.3388695735053018,0.469254162560502
OBSEA/2021-12-29.out,0.999995000025,0.999995000025,0.999995000025,0.9421246296546296,0.999995000025,0.999995000025,0.0,0.0,0.999995000025,0.999995000025
OBSEA/2020-08-13.out,0.0,0.0964961073734658,0.0,0.0,0.0,0.0,0.0,0.0,0.0,0.0
OBSEA/2021-02-03.out,0.5950304141238738,0.4466839056897226,0.6241661282271097,0.5411774528687877,0.6119324547382047,0.6119324547382047,0.0,0.6119324547382047,0.6119324547382047,0.6119324547382047
OBSEA/2020-12-21.out,0.6886196025852878,0.6886196025852878,0.6886196025852878,0.6423318896295546,0.5153643651065065,0.6886196025852878,0.4121742094034348,0.0,0.7087254897131297,0.6886196025852878
OBSEA/2022-09-04.out,0.0,0.0467999225003691,0.0503212006257039,0.0,0.0,0.0,0.0,0.0,0.0821088978522699,0.0551979509673728
OBSEA/2020-08-14.out,0.0,0.0,0.163454253830186,0.0,0.1544256158857478,0.2612121052509107,0.1082527296088338,0.26543184434434,0.2629657886140419,0.3397801321145834
OBSEA/2020-07-04.out,0.3813588234571651,0.3821592465930011,0.3951061006938006,0.0,0.3838352821391342,0.4506060819369978,0.0,0.3845185843392527,0.2999239534239553,0.3838352821391342
OBSEA/2021-10-07.out,0.0,0.0,0.3755385963716318,0.1513968790829408,0.3387220613449325,0.0,0.0,0.0,0.2198204357423792,0.3683385136871163
OBSEA/2021-08-01.out,0.0121510540601822,0.0,0.0447603922159864,0.0,0.0091208681307111,0.0,0.0,0.031258995659812,0.0,0.0
OBSEA/2022-04-24.out,0.0,0.0,0.0243142269215973,0.0,0.0219162571219327,0.0,0.380949013632812,0.3010007874849491,0.0278764480573876,0.0
OBSEA/2020-07-26.out,0.380037298245153,0.4816275616989998,0.518297518478888,0.5036727023016574,0.143269946933316,0.7335991515381517,0.2876190694501742,0.4815429169325111,0.5063254830089592,0.4815429169325111
OBSEA/2020-09-24.out,0.0,0.2231045966182835,0.1881077642329003,0.1365971130363141,0.0,0.0,0.1251550811882628,0.0,0.0689223295592559,0.1712726429984798
OBSEA/2022-08-13.out,0.0,0.0,0.1574098136513181,0.0,0.2021879769015703,0.204018717929203,0.0,0.0,0.1732293648574781,0.0
OBSEA/2021-10-23.out,0.0,0.0415604334846492,0.0,0.0,0.0,0.1426794454077705,0.0,0.0,0.0,0.0
OBSEA/2020-11-16.out,0.4743032862613514,0.4743032862613514,0.4041456498900651,0.4480414308660532,0.0,0.6036239135843762,0.1606072484167857,0.0,0.3582436339002538,0.4743032862613514
OBSEA/2020-07-16.out,0.4292693559473036,0.4293474192819964,0.0107070787228792,0.3418301045905903,0.3121786228535732,0.3781574772595188,0.0,0.0,0.2398535753381454,0.4340539741229203
OBSEA/2020-10-21.out,0.0,0.0,0.0,0.0,0.0,0.0,0.2397553733547457,0.077435837732935,0.0,0.0
OBSEA/2022-09-03.out,0.0,0.0,0.3138958747606888,0.0,0.0,0.345641098117449,0.0,0.0,0.2276298099638742,0.0
OBSEA/2020-04-24.out,0.531726513657479,0.5444238572157702,0.635245429616484,0.7013482035246721,0.635245429616484,0.635245429616484,0.6075215499533564,0.6430379097735757,0.635245429616484,0.635245429616484
OBSEA/2020-10-19.out,0.0,0.0312956725251907,0.3738103412214132,0.0,0.1947094905617953,0.3062000282347544,0.0,0.0,0.2787476462922236,0.3062236843478592
OBSEA/2020-11-09.out,0.3555484001519374,0.3553792038866264,0.3553792038866264,0.2500991036139335,0.3553792038866264,0.1933580878627052,0.0,0.0,0.35512713787332,0.3554664142162322
OBSEA/2020-07-01.out,0.3497249339858374,0.3504511975106391,0.3497917456289056,0.2161238819578955,0.3423564761240483,0.3497249339858374,0.0,0.3497249339858374,0.3502266443144536,0.3459044617076472
OBSEA/2020-11-26.out,0.9477480279241496,0.9477480279241496,0.9490652063605504,0.8801093728236352,0.9477480279241496,0.9477480279241496,0.818055287812466,0.0,0.9477480279241496,0.9477480279241496
OBSEA/2020-09-23.out,0.4769926659469118,0.4769926659469118,0.3496994572329934,0.4020042764896696,0.3629599601451248,0.5580869190212692,0.0713178821105273,0.514836359577033,0.3916699085585313,0.5147873880479992
OBSEA/2021-01-23.out,0.3874852045427253,0.383747131784907,0.3750412435021082,0.0759898087783444,0.3892798152013575,0.0,0.0388442447693417,0.0,0.3874852045427253,0.3874852045427253
OBSEA/2020-12-23.out,0.2753246551940986,0.523325481514134,0.417905358775991,0.0,0.5182429428649403,0.3204444218682482,0.0,0.525255583135562,0.3297810071375296,0.523325481514134
OBSEA/2020-06-15.out,0.4464989594456837,0.4464989594456837,0.4468203558516363,0.3585528714713334,0.4464588174016161,0.2207861328445105,0.3163164329055886,0.4464588174016161,0.1829750043478961,0.4464588174016161
OBSEA/2020-06-19.out,0.57897280410028,0.5920271204152853,0.496837178570584,0.5183556786580001,0.5920271204152853,0.5920271204152853,0.2227649690099138,0.0,0.5920753626637402,0.5920271204152853
OBSEA/2020-09-22.out,0.0,0.0,0.13772907643149,0.0,0.0,0.0,0.1419938122648164,0.0,0.0,0.1332393876452124
OBSEA/2021-07-28.out,0.0,0.0142789922691486,0.0160391631039427,0.0,0.0,0.0,0.0,0.0149630468552426,0.0,0.0
OBSEA/2020-11-15.out,0.7126527919838167,0.7126527919838167,0.7268398378055153,0.6350857335193705,0.6974816549507222,0.7126527919838167,0.5700429253448661,0.7129183514309401,0.6812765338505148,0.7126527919838167
OBSEA/2022-02-08.out,0.0266124543578823,0.0378217403232833,0.029791816521277,0.0360107267090687,0.0258777482676973,0.0,0.0813604482072767,0.8387048075204724,0.0242923387778973,0.047074935282971
OBSEA/2020-09-29.out,0.4665590016662571,0.361389556260029,0.1533087862519604,0.1680807457183081,0.0805324712923664,0.3686052775684756,0.0,0.5168727309526054,0.2982337521293054,0.0
OBSEA/2020-12-09.out,0.6528372647431454,0.6528372647431454,0.6528372647431454,0.4833619317359204,0.6351426882424943,0.6528372647431454,0.31747865666768,0.6528372647431454,0.6484588885039646,0.6528372647431454
OBSEA/2022-07-06.out,0.2777643080255947,0.2778197058504587,0.2546618538374413,0.0,0.0,0.0,0.0,0.0,0.2671450670674324,0.0
OBSEA/2021-12-28.out,0.999995000025,0.999995000025,0.999995000025,0.9421246296546296,0.999995000025,0.999995000025,0.0,0.0,0.999995000025,0.999995000025
OBSEA/2022-09-09.out,0.4819323190033907,0.2110653996765945,0.0959079084192369,0.0,0.4713724169893045,0.4329257359674742,0.0,0.0,0.2669772977771246,0.0
OBSEA/2020-10-02.out,0.148955165727817,0.2920107340259791,0.0,0.0,0.1097228125421619,0.2980212851397178,0.0,0.2885981048948932,0.3546728824607801,0.2885981048948932
OBSEA/2021-10-09.out,0.0,0.0,0.1958451817823698,0.0614976888040552,0.1326458577991469,0.0,0.0,0.0,0.1906585660367295,0.1942684258596222
OBSEA/2022-05-04.out,0.0287090053301778,0.0286606038209991,0.0322490052032157,0.0,0.0,0.0,0.0,0.0375864915905365,0.0,0.0
OBSEA/2020-12-18.out,0.801605078162619,0.8013826408986232,0.8013270508700614,0.7486998247927775,0.7975813483298467,0.7679722339623933,0.6921322950252262,0.8013270508700614,0.8013270508700614,0.8013270508700614
OBSEA/2020-09-09.out,0.4746711101823796,0.4482529169544977,0.0,0.0870201914959472,0.1259622294669709,0.4158320043476258,0.0,0.3547528657861941,0.2292081128126742,0.3914297380806537
OBSEA/2020-08-25.out,0.5178649557366481,0.4912116993119289,0.5172484169511168,0.5956020309741608,0.0121058084518855,0.4516939734752992,0.2439856722991375,0.0,0.2435752164958346,0.4994750573609533
OBSEA/2022-08-22.out,0.0944347681377541,0.0942032697352584,0.0,0.0,0.0,0.0888224239741072,0.0,0.0,0.0,0.0
OBSEA/2020-08-01.out,0.0,0.0,0.0,0.0,0.0,0.0,0.0,0.0608231113099745,0.0,0.0
OBSEA/2020-09-20.out,0.4438041406539275,0.3900054328185646,0.4310131166641635,0.4343463669920766,0.4190268797875193,0.3702860805872277,0.0,0.0,0.4191035686158256,0.3977898419946791
OBSEA/2020-09-25.out,0.1862336899167433,0.0,0.2562679922265767,0.210722054561852,0.0,0.0,0.3188993981477357,0.2759423016887072,0.2551987944917084,0.2912457662824754
OBSEA/2022-10-18.out,0.0222102077149408,0.0,0.0395462955192293,0.0,0.0,0.0,0.0,0.0,0.0,0.0
OBSEA/2020-12-28.out,0.479551591070311,0.479551591070311,0.479551591070311,0.0,0.4260233313440351,0.5651257687189939,0.0,0.4977624563076858,0.2494614879805603,0.479551591070311
OBSEA/2020-01-17.out,0.999995000025,0.999995000025,0.999995000025,0.9421246296546296,0.999995000025,0.999995000025,0.8842542592842593,0.0,0.999995000025,0.999995000025
OBSEA/2020-11-21.out,0.3465254965617901,0.3075004607278003,0.4558677567912271,0.2764818127954497,0.4559867716641849,0.4563123614982997,0.3980925593706111,0.0,0.4149383496334594,0.4563123614982997
OBSEA/2021-08-09.out,0.0344154264084792,0.0350873745801795,0.202342645322355,0.0052064325225283,0.0,0.0,0.0,0.0,0.0,0.0
OBSEA/2020-12-25.out,0.6185028882977667,0.644367163433621,0.6247041322029564,0.0,0.5566951498656038,0.6301978240910026,0.0,0.5930614491920967,0.6312394183473108,0.6301978240910026
OBSEA/2020-12-20.out,0.5303584093411663,0.4559687017219324,0.5114015451173493,0.428517814421206,0.4195286589614235,0.537712322068242,0.1672653202980444,0.5161429823433812,0.5174461466040635,0.5159414277078685
OBSEA/2021-09-10.out,0.0606054729166262,0.0606054729166262,0.1369199886014837,0.0642086532004315,0.0,0.0,0.0,0.0808496508977203,0.0,0.0
OBSEA/2022-09-13.out,0.012416722108708,0.1774880202122592,0.0,0.0,0.0,0.0,0.0,0.0,0.1777903528906206,0.0
OBSEA/2020-03-17.out,0.0349523253400654,0.0582956562643324,0.0780314808340306,0.0814117331901307,0.0584739869689687,0.0464055996749368,0.2476990504250131,0.0244776084259111,0.0507721320994189,0.0042084239000583
OBSEA/2020-10-10.out,0.0922398570393603,0.0,0.0740820900488219,0.0,0.0693816042013005,0.0,0.0,0.0692730742800427,0.0406510412223002,0.0685233182057773
OBSEA/2020-11-02.out,0.5610901157956663,0.6741413859420596,0.6296571540430882,0.1890998327461417,0.6083552740681583,0.4764365835558296,0.0,0.0,0.6531306943375861,0.6083552740681583
OBSEA/2020-08-18.out,0.0864707744038157,0.0,0.2211118031781002,0.0388633816204035,0.2327661413942011,0.0,0.0,0.2629210675884103,0.2099958771334191,0.2404706783942966
OBSEA/2021-01-15.out,0.4288018686596242,0.3480438590308681,0.2602487596946854,0.4247897802851647,0.2758625725040918,0.4288018686596242,0.6398006868522412,0.0,0.353225820071275,0.4288018686596242
OBSEA/2020-11-05.out,0.2097063616116778,0.2034070764644903,0.230084447542176,0.2029698867435497,0.2141176816062425,0.2222202469311383,0.0,0.2259394184453259,0.2222202469311383,0.2139087971150041
OBSEA/2020-06-10.out,0.121342776687781,0.0,0.1243026880946382,0.0,0.0,0.0,0.1361294949629891,0.0,0.0,0.1213295843796379
OBSEA/2021-10-06.out,0.2664493684057062,0.2658599371440543,0.27903831133439,0.037082611134294,0.1822835905979963,0.2654062506424356,0.0,0.2654062506424356,0.2673704501863964,0.1424344887565268
OBSEA/2021-07-29.out,0.0787353223794076,0.0,0.0787353223794076,0.0,0.0,0.0,0.0,0.0,0.1042050326520195,0.0
OBSEA/2020-11-14.out,0.2890126064443518,0.3671896697356642,0.1249786270054685,0.2348487343613745,0.0,0.0,0.2692014420380171,0.0,0.3513784036078911,0.0
OBSEA/2020-05-12.out,0.1169431071830177,0.1145828035392536,0.0,0.0963040921112803,0.0,0.3515087057060113,0.2944308735640784,0.4867286902560054,0.3595034059970724,0.2005605197928865
OBSEA/2021-12-09.out,0.0,0.0,0.0,0.0,0.0,0.0,0.0,0.0,0.0,0.0546665226533344
OBSEA/2020-09-15.out,0.5622723537456225,0.5622723537456225,0.5967079439313723,0.523218078679069,0.4262904815420792,0.5622723537456225,0.4405299553473282,0.5622723537456225,0.1536659595779386,0.5623191397278681
OBSEA/2020-12-04.out,0.9945839336677798,0.9945839336677798,0.9945839336677798,0.0,0.9945839336677798,0.9945839336677798,0.876871224820485,0.0,0.9945839336677798,0.9945839336677798
OBSEA/2021-01-20.out,0.7808616151796564,0.7808616151796564,0.7866334650296677,0.6823801072119496,0.7808616151796564,0.7808616151796564,0.4756083178300033,0.0,0.773584024676704,0.7808616151796564
OBSEA/2022-07-27.out,0.0190956350932725,0.0,0.0,0.0,0.0210097908435073,0.0,0.0,0.0,0.0143605612068789,0.0416662586845503
OBSEA/2021-09-01.out,0.0,0.0,0.0,0.0,0.0519515433753542,0.0,0.0,0.0206467330350853,0.0,0.0206585812705769
OBSEA/2021-08-19.out,0.0,0.0268559346954245,0.0,0.0004394470647724,0.0421638572967759,0.0,0.0,0.0553233467916221,0.0,0.0
OBSEA/2022-06-03.out,0.2458833017220714,0.0,0.1822594441528982,0.0,0.0,0.1792669914899344,0.0,0.0,0.1770447453187352,0.0
OBSEA/2020-09-04.out,0.5257191858938945,0.5257191858938945,0.5020044409911617,0.2392081015636601,0.5251764898906016,0.3844424598456766,0.3649056595166512,0.0,0.5219805577813409,0.5257191858938945
OBSEA/2022-05-06.out,0.0237875051188881,0.0237875051188881,0.0,0.0,0.0,0.0997433864351848,0.0,0.0239133070694861,0.0,0.0
OBSEA/2022-08-12.out,0.2964253416779658,0.2389874982007602,0.2987840111389862,0.0,0.0,0.0,0.0,0.0,0.0883636685799003,0.0
OBSEA/2020-07-09.out,0.0478179844489927,0.0377314665913138,0.1694192700456191,0.3940932812902791,0.1490869823565263,0.0844823588857632,0.0093233264565707,0.2838390581294446,0.1386123618693213,0.1563723360440355
OBSEA/2022-09-11.out,0.3901589612694006,0.0848491276600467,0.3901589612694006,0.0,0.0,0.0180643835769632,0.0,0.0,0.345999964250019,0.0
OBSEA/2020-10-15.out,0.2108815538358436,0.2098810593884252,0.2347059913983451,0.2213462233603647,0.2249793433265044,0.2098810593884252,0.1329791265970197,0.0,0.2100333680094691,0.2154376078126435
OBSEA/2020-12-08.out,0.625612248179316,0.6255127231705948,0.6345306150261407,0.4659899714304292,0.417669131095458,0.5741445466462838,0.1453917163596283,0.0,0.4521350229175128,0.6255127231705948
OBSEA/2020-12-15.out,0.8444514537511298,0.844875136386029,0.8444514537511298,0.793642201458107,0.8444514537511298,0.8444514537511298,0.7731722804717118,0.8444514537511298,0.8444514537511298,0.8444514537511298
OBSEA/2022-07-08.out,0.1787540313625385,0.0446952697250633,0.4377003114445971,0.0,0.2337272064551543,0.4099863366333206,0.0,0.0,0.3947320788100049,0.4372252377090913
OBSEA/2022-09-02.out,0.31414369346194,0.31414369346194,0.3330852230256436,0.0,0.0,0.0246804427464373,0.0,0.0,0.0751072837773147,0.0819040623973468
OBSEA/2022-07-10.out,0.0,0.1776542521365379,0.0,0.0,0.2735747201780517,0.2764614803486098,0.0,0.0,0.2814502199835844,0.177710495617962
OBSEA/2020-07-08.out,0.2291667728074712,0.2291902626635005,0.2584948589788695,0.2315745130947561,0.0,0.0,0.0,0.2291432877659291,0.0,0.2291432877659291
OBSEA/2021-09-12.out,0.0,0.0,0.0,0.0,0.0473904370269417,0.0591139208453047,0.0,0.0,0.0568981315643127,0.0686482842523959
OBSEA/2020-01-05.out,0.1034984937924436,0.1034984937924436,0.0734109319184521,0.097104024627748,0.0733717585145834,0.0616931766359549,0.3174457152073385,0.0616931766359549,0.0617763304434695,0.0195355385335255
OBSEA/2020-01-07.out,0.0,0.0,0.1608965980646277,0.0,0.0,0.0380942815452208,0.0,0.1857811320333422,0.0,0.1795179614041439
OBSEA/2020-01-03.out,0.3253010865845776,0.3306613112588255,0.0,0.3207443091343707,0.3213648241003652,0.0,0.0,0.0641559027385093,0.1977847093579245,0.0223032282897262
OBSEA/2022-07-23.out,0.0,0.0,0.1681507573505901,0.0,0.0,0.0621217937786952,0.0,0.1040376441207529,0.0,0.1594105526330245
OBSEA/2020-12-12.out,0.6519171744500414,0.6508451906418312,0.64957360713038,0.4066819507284118,0.6584239737530024,0.64957360713038,0.4024728987123411,0.6518821434779681,0.6562073683133259,0.64957360713038
OBSEA/2021-10-01.out,0.4434334806053251,0.5785387440175339,0.2651772823989462,0.4801264639024523,0.5784902706363382,0.3711149522863801,0.0,0.0,0.3355303168218322,0.5790530407704279
OBSEA/2020-08-31.out,0.4281261839682466,0.4282820365713634,0.4280872385393059,0.0,0.0,0.6913384130040514,0.4709260503602274,0.0,0.4187808107709121,0.4252594994553987
OBSEA/2020-05-28.out,0.3452930987454379,0.3591418378236024,0.2147857345554458,0.2272227010187548,0.5544106358484395,0.4629928207801516,0.0243920277864088,0.2809367018572383,0.5607326748952354,0.0
OBSEA/2022-08-26.out,0.0,0.0,0.5322390550306275,0.0,0.4333846075936146,0.5192411769105613,0.0,0.0,0.5407733864067815,0.4813615253562152
OBSEA/2022-07-12.out,0.0,0.0,0.0,0.0,0.0060487091456686,0.0,0.0,0.0,0.106380493712217,0.0
OBSEA/2021-01-06.out,0.4776164062565373,0.0806437068389108,0.4909547043245862,0.3962851573197308,0.3306562795334491,0.0952811648732432,0.6469387030948341,0.0,0.3283078290025628,0.4781997959962682
OBSEA/2021-08-20.out,0.0,0.0,0.0,0.0,0.0,0.0,0.0,0.1164148617566976,0.0359449934141697,0.1164783446499006
OBSEA/2020-07-21.out,0.0,0.0,0.0328763889692153,0.0,0.0,0.0,0.0844282014097945,0.0206183526431078,0.0,0.0
OBSEA/2021-12-18.out,0.0,0.0606054729166262,0.1690654528885903,0.0,0.0,0.0781572303399462,0.0,0.2249042929152511,0.1336927161048177,0.0606054729166262
OBSEA/2020-10-27.out,0.4306912542582586,0.4188637630283969,0.3632811142679117,0.1515146568488591,0.3587450044890987,0.077933893551038,0.1296908076713387,0.0,0.0,0.348284576480336
OBSEA/2020-01-15.out,0.999995000025,0.999995000025,0.999995000025,0.9421246296546296,0.999995000025,0.999995000025,0.8842542592842593,0.0,0.999995000025,0.999995000025
OBSEA/2022-09-08.out,0.240542751901463,0.0,0.3230321016174183,0.0,0.0,0.1101137709615037,0.0,0.0,0.0,0.0
OBSEA/2021-01-26.out,0.7213787954085796,0.6683577850151022,0.6683577850151022,0.6779964611142486,0.6683577850151022,0.7304126568732527,0.0,0.0,0.6683577850151022,0.6683577850151022
OBSEA/2020-05-29.out,0.0,0.1587286974183412,0.157369281318879,0.058381403453405,0.1568654842702783,0.0183185828548397,0.0,0.1567985549445176,0.1188498542020418,0.0
OBSEA/2022-09-23.out,0.5743438666443669,0.605774684909393,0.5146337074713075,0.0,0.5177658810454426,0.5724380193284826,0.0,0.5171992731507828,0.4655473412864347,0.0
OBSEA/2020-08-06.out,0.0,0.0,0.1077289562545412,0.0,0.3133502464752506,0.3028676100221888,0.2424967126033967,0.0,0.1743645158521926,0.0717084609585155
OBSEA/2022-09-30.out,0.2617946862033409,0.2617946862033409,0.1479930712761312,0.0,0.2630941885030872,0.2207387047348744,0.0,0.0,0.09286445576783,0.2639034510806483
OBSEA/2021-12-03.out,0.0057179416845139,0.0061059618856089,0.0,0.0126362902884422,0.0050831285955033,0.0,0.0,0.010896375037538,0.0050872425856841,0.009462271416361
OBSEA/2022-01-21.out,0.0,0.0219727742175385,0.9144850598023696,0.0,0.0,0.0461914177988326,0.0,0.0220282355628837,0.0,0.0
OBSEA/2020-09-16.out,0.3611503031689877,0.3611503031689877,0.4867513072754472,0.379128747403421,0.1346025097072768,0.3611503031689877,0.3478960841616599,0.0,0.3586636164666939,0.3405367049296754
OBSEA/2020-05-10.out,0.7377601356847535,0.7377601356847535,0.7869566807996226,0.61808557800344,0.7377601356847535,0.6768556131140074,0.5970187124750229,0.0,0.7377601356847535,0.7377601356847535
OBSEA/2020-11-01.out,0.4522872399513342,0.4943763427623931,0.5131088639284045,0.0808870844262797,0.3881229178931478,0.4812719465938682,0.2556138262270243,0.0,0.4309160114324286,0.4943763427623931
OBSEA/2020-10-03.out,0.4361520817035174,0.3894657980251134,0.0,0.4795030663009688,0.0632749472059162,0.4175706239319809,0.0,0.2911367529454653,0.28870056803048,0.2911367529454653
OBSEA/2020-06-07.out,0.0,0.0,0.0942821813845164,0.0,0.0368735851703702,0.3254105872391867,0.3271618676113512,0.2595109974888854,0.1005508496325779,0.0698991189008175
OBSEA/2022-07-29.out,0.1720630658393711,0.1744934946602306,0.2125063588261235,0.0,0.2009561265514605,0.0,0.0,0.0,0.2010608022096403,0.0
OBSEA/2021-12-08.out,0.0,0.0,0.0494831662926144,0.0,0.0263668153553289,0.0,0.0296541689176061,0.0190206612229905,0.0,0.0
OBSEA/2020-10-04.out,0.2168651049946321,0.2809367018572383,0.2809367018572383,0.1631112639834127,0.2745666690778362,0.5036700501560887,0.0,0.2809367018572383,0.3518902978591957,0.1064731966810005
OBSEA/2022-08-19.out,0.1601518650282589,0.160288411542918,0.1625052600948389,0.0,0.1601689206185982,0.0,0.0,0.0,0.1092453269026027,0.0
OBSEA/2021-12-25.out,0.999995000025,0.999995000025,0.999995000025,0.9421179309197796,0.999995000025,0.999995000025,0.0,0.0,0.999995000025,0.999995000025
OBSEA/2020-06-21.out,0.5111111356193246,0.5111111356193246,0.5131005880983006,0.4918018448094466,0.481108564509044,0.5111111356193246,0.4598761217224117,0.0,0.5081088311688257,0.5111111356193246
OBSEA/2022-08-08.out,0.0,0.0,0.0,0.0,0.1410720732337201,0.1240061094120542,0.0,0.1387320135237,0.0,0.0
OBSEA/2020-07-17.out,0.3439840987131014,0.3434322003410046,0.3435554368107993,0.3524480380439789,0.3438270640876036,0.3637558234373563,0.2465427329470489,0.0,0.3435554368107993,0.3404826500773369
OBSEA/2021-01-13.out,0.7010868125333645,0.4984139596098768,0.5478172302801106,0.6426289630397077,0.4549900019672529,0.6210155888798277,0.6191306483682902,0.5629257823682272,0.6180758967667075,0.6210155888798277
OBSEA/2021-01-25.out,0.0112900101751741,0.2782046129296025,0.3892855837222256,0.3004708640181025,0.2691233118039816,0.2260031502269519,0.1452034151260129,0.0,0.3768895670474415,0.3936010033348807
OBSEA/2020-09-30.out,0.1371255541326502,0.0,0.1861925142893254,0.0,0.0,0.106389809870849,0.0,0.0,0.0,0.1806679711820688
OBSEA/2020-12-26.out,0.6780860934334093,0.6781898560030787,0.6825241864984865,0.0,0.6780860934334093,0.6780860934334093,0.2425382556727789,0.6780860934334093,0.6780860934334093,0.6780860934334093
OBSEA/2022-03-14.out,0.0258279687397212,0.0337421572951915,0.0541339170968387,0.0361897420860083,0.035925426906832,0.0398507151920271,0.0,0.0208498337714925,0.0277369390217933,0.0201471607229506
OBSEA/2021-07-30.out,0.0,0.0,0.0,0.0,0.0,0.0259831430389887,0.0,0.0136932835558639,0.0198084204735572,0.0083255415129931
OBSEA/2022-06-04.out,0.0,0.0,0.0,0.0,0.0,0.0,0.0,0.1755449217565305,0.0,0.0
OBSEA/2022-09-20.out,0.1036327861715071,0.1036669283326825,0.1058998272309384,0.0,0.0,0.0,0.0,0.0,0.0,0.0
OBSEA/2022-05-16.out,0.2173103460160043,0.0559467159129609,0.0,0.0,0.6209651638778809,0.5100593681051333,0.0,0.0,0.3795557916936435,0.6864519559289979
OBSEA/2021-10-11.out,0.0455456443190742,0.0766428986877306,0.1038067629864674,0.004151707827044,0.0,0.0,0.0,0.0,0.0,0.0
OBSEA/2020-01-09.out,0.6730865283590852,0.6468024162840721,0.5807244750895719,0.571534888308379,0.6453438870924827,0.647235801242482,0.1792615481522699,0.0,0.61327296847578,0.5471626639604703
OBSEA/2020-05-08.out,0.230844755719532,0.2679732080319498,0.3016302936273631,0.3196875833441254,0.299938406939619,0.2998793870937579,0.0,0.0,0.2999088941130214,0.2224535559337386
OBSEA/2022-04-11.out,0.0206183526431078,0.0245563740952954,0.022964815091366,0.0,0.0,0.0277912371173509,0.0948402558203624,0.2908954392589967,0.0,0.0291589545214314
OBSEA/2021-01-17.out,0.1367179366282788,0.3202721294655822,0.4884315026304962,0.303089838551243,0.1758422791021692,0.3899697900217193,0.4532488557134655,0.0,0.4109106394070855,0.3835097808689561
OBSEA/2021-01-03.out,0.8631872760202063,0.8631872760202063,0.8631872760202063,0.543116203761019,0.8631872760202063,0.8631872760202063,0.0,0.8789553291743768,0.8631872760202063,0.8631872760202063
OBSEA/2021-02-04.out,0.3735776169693813,0.658631628951094,0.3340862638432018,0.2952712254642549,0.1599380920849415,0.3122640765634081,0.0772351325450147,0.0,0.333181059053907,0.3416128197559009
OBSEA/2020-10-17.out,0.726410468612582,0.726410468612582,0.7412521559463486,0.7542040563046998,0.726410468612582,0.726410468612582,0.7535632063898161,0.7336868235131285,0.726410468612582,0.6989622825553731
OBSEA/2020-07-11.out,0.4380332779467401,0.4380332779467401,0.3756339704994941,0.4414371456265278,0.3161209213388753,0.277500496842675,0.3619602671971436,0.0,0.2100950590492987,0.1901676427927063
OBSEA/2020-10-26.out,0.0112009901175384,0.045281652650498,0.045560446290233,0.0,0.0461687528635311,0.0,0.2818807383581277,0.04192593513872,0.0422129353257443,0.00493664920652
OBSEA/2020-09-02.out,0.0806748564195354,0.0808725669641396,0.0,0.0,0.0,0.0,0.0,0.0,0.0,0.0646897116056736
OBSEA/2020-05-06.out,0.0,0.0,0.0149967780159979,0.0,0.0,0.0,0.0,0.0174134728281918,0.0,0.014024461267621
OBSEA/2022-09-17.out,0.0,0.0,0.0,0.0,0.0,0.0,0.0,0.1437151000621056,0.0,0.0
OBSEA/2020-11-20.out,0.3532875279512463,0.3407167717208072,0.3689860102096952,0.3866648701927145,0.3681148545544023,0.1286518040161924,0.1241834492673458,0.3681148545544023,0.2421075574282188,0.3054339145594739
OBSEA/2022-07-05.out,0.0,0.0,0.1372871651103617,0.0,0.1825825304976049,0.0,0.0,0.0,0.0,0.0
OBSEA/2021-10-17.out,0.0446937801727659,0.0481670691967697,0.1761867607562611,0.0,0.0,0.0,0.0,0.0,0.0,0.0
OBSEA/2021-09-16.out,0.0,0.0,0.0685547769159179,0.0,0.1104156400514135,0.0,0.0,0.0864189262386686,0.0571157345568244,0.1701805933281849
OBSEA/2020-08-21.out,0.3425746488104144,0.3426404085254945,0.1880238401544132,0.2396295394816566,0.3420855475373082,0.3253027624260371,0.0324365862029796,0.2983448351518303,0.3424432050750197,0.3475781837090269
OBSEA/2020-08-20.out,0.0314787436662294,0.0,0.1209171400728505,0.0,0.0,0.2952282088535192,0.0,0.1778794399385555,0.0,0.1793409210417801
OBSEA/2022-07-01.out,0.1968461534734644,0.1968667011088752,0.0,0.0,0.2375452794695415,0.0,0.0,0.0,0.0,0.0
OBSEA/2020-01-12.out,0.999995000025,0.999995000025,0.999995000025,0.9421246296546296,0.999995000025,0.999995000025,0.8842542592842593,0.0,0.999995000025,0.999995000025
OBSEA/2020-11-19.out,0.3638160419422447,0.3832375143031213,0.2350103324091055,0.3596019689167274,0.2700608009893654,0.3422841928861986,0.0,0.0,0.3422841928861986,0.0
OBSEA/2022-06-05.out,0.3464698109934341,0.489463554920074,0.3263335606568689,0.0,0.3238875667245809,0.3863577976456029,0.5891977217390755,0.0,0.3386729779292824,0.3712987514798418
OBSEA/2022-09-19.out,0.0357682176985117,0.1112212793492931,0.0760140138193505,0.0,0.1065796380395369,0.1244404194757148,0.0,0.0,0.1039804363965138,0.0
OBSEA/2020-11-24.out,0.6006699030060226,0.5977193863967575,0.5997184538840935,0.5196868818745702,0.5969428730217418,0.5969428730217418,0.232067973054303,0.5969428730217418,0.5969428730217418,0.596561179269681
OBSEA/2022-01-09.out,0.0147057363768815,0.0147057363768815,0.4906205324432376,0.0156019904921957,0.2135369066099511,0.2562450367757501,0.0,0.0201034604804281,0.1525685467572302,0.0147057363768815
OBSEA/2021-10-31.out,0.0,0.0415810515938608,0.0354927394473833,0.0,0.0,0.0,0.0,0.0442821955740223,0.0,0.0
OBSEA/2021-12-26.out,0.999995000025,0.999995000025,0.999995000025,0.9421246296546296,0.999995000025,0.999995000025,0.0,0.0,0.999995000025,0.999995000025
OBSEA/2021-09-09.out,0.0,0.0,0.0988848539148635,0.0,0.0,0.1103587989013302,0.0,0.0,0.0,0.0
OBSEA/2020-06-11.out,0.4683833954429342,0.4699640249993779,0.4682173163747775,0.44314219887565,0.4682173163747775,0.4647821775855064,0.4665560637660621,0.4682173163747775,0.4682173163747775,0.4682588250992995
OBSEA/2020-10-11.out,0.2858005328280074,0.0,0.5402799924096177,0.0,0.2200493613160116,0.5053344355855556,0.0,0.0,0.2762983710769278,0.2589398113451183
OBSEA/2020-07-24.out,0.0,0.0089769954428093,0.0302906542518666,0.2075138337663652,0.0008055793674419,0.2624010518097742,0.0,0.0087576910965071,0.0,0.0110640914560944
OBSEA/2022-09-28.out,0.0420393327172047,0.0,0.0,0.0,0.0,0.0,0.0,0.0467212916696496,0.0,0.0
OBSEA/2021-01-22.out,0.6979081983823118,0.6979081983823118,0.7010248141886689,0.6050487792007213,0.639070202264908,0.6979081983823118,0.5958788465910583,0.6979081983823118,0.6979081983823118,0.6979081983823118
OBSEA/2022-01-30.out,0.0316463586882452,0.0265033062670696,0.0215229658945012,0.0,0.0,0.0,0.0,0.0354082124979282,0.0,0.0153616496731067
OBSEA/2020-10-05.out,0.3772103046209104,0.3573475165038668,0.3561031306948015,0.0099618072133106,0.3854664781880288,0.4998409626688976,0.3881825256176205,0.0,0.3454200096209243,0.3511421432556128
OBSEA/2020-09-18.out,0.470386771583866,0.470386771583866,0.4288652813014237,0.3877045967383223,0.4421869806369303,0.3034723327625305,0.1908607427564931,0.0,0.4852802853010191,0.0
OBSEA/2022-03-11.out,0.0,0.0,0.0613536888611753,0.0,0.410260995090161,0.410260995090161,0.0,0.0,0.2730100602928428,0.055367456251607
OBSEA/2020-12-14.out,0.6958445191723428,0.7052736918300613,0.7014502915790517,0.6108475476315328,0.702859271543098,0.6958445191723428,0.5539704972037355,0.6958445191723428,0.6963717049809822,0.6958445191723428
OBSEA/2020-01-21.out,0.999995000025,0.999995000025,0.999995000025,0.9421246296546296,0.999995000025,0.999995000025,0.8842542592842593,0.0,0.999995000025,0.999995000025
OBSEA/2021-01-19.out,0.356323315363536,0.6137506612916607,0.6719133571750916,0.50258005726205,0.4469702399041286,0.3459464514113016,0.434038376017807,0.0,0.5000379036556275,0.6138491848561592
OBSEA/2021-11-15.out,0.1940097021309695,0.2149100765114509,0.2091422251277495,0.1597345542581891,0.1599292579899481,0.231164937130377,0.0100114117442605,0.1232710898291921,0.0643255150641977,0.2174438420546787
OBSEA/2020-11-25.out,0.7862063974707745,0.790039374782391,0.7940280036408673,0.7802753207163036,0.790751117640269,0.7900806425593391,0.7743605995431982,0.0,0.6673272374139092,0.7900806425593391
OBSEA/2021-08-30.out,0.0,0.1806458833834603,0.1185473763028568,0.0,0.1772135747623565,0.13672580654773,0.0,0.0,0.0062524716866169,0.1772135747623565
OBSEA/2020-05-26.out,0.0184635449066486,0.0,0.0,0.0,0.0,0.0,0.0,0.0708093868687972,0.0,0.0321144773156997
OBSEA/2020-05-16.out,0.6291111181911454,0.6291111181911454,0.6153176840325116,0.5460476426483739,0.6291111181911454,0.6291111181911454,0.3698133572941524,0.0,0.6291610319563987,0.6293607662458599
OBSEA/2022-08-01.out,0.0,0.1768476017870298,0.2845616509054084,0.0,0.0,0.0,0.0,0.0,0.0,0.1716866790213626
OBSEA/2020-06-18.out,0.1897355636214268,0.2145967376674004,0.2753672554973527,0.2233160161249215,0.2764787664307381,0.1982562530499788,0.2388131101125886,0.2785625707080513,0.2996073032882077,0.2641734551175093
OBSEA/2020-09-26.out,0.066039209186559,0.066039209186559,0.0,0.069945975862189,0.0,0.0,0.0,0.0748154096832679,0.0,0.0660318181142601
OBSEA/2022-07-07.out,0.3845978677525162,0.3829706829627305,0.2625565748867334,0.0,0.3839234396111999,0.3573769014389391,0.0,0.0,0.3840223367293612,0.0
OBSEA/2020-06-08.out,0.1219421219650757,0.1220349646205682,0.1260379113882061,0.0,0.1204870613016439,0.0,0.0,0.3280298192458818,0.0665098370831661,0.1220615170659771
OBSEA/2020-08-28.out,0.4091713953620127,0.4094731447964416,0.3858235407078886,0.4287197280391986,0.2608462324110518,0.3406664040105926,0.4504579236400602,0.6409014948938828,0.2154756044531044,0.2975212172956589
OBSEA/2022-04-27.out,0.0,0.0,0.0,0.0,0.0,0.0,0.119042757975724,0.0,0.0016306105508857,0.0
OBSEA/2020-10-28.out,0.0,0.0,0.0883268804430767,0.0692873351826015,0.0784871414865785,0.0010921491838413,0.246175304079998,0.30807303258425,0.0,0.0
OBSEA/2021-01-07.out,0.4355888004958079,0.5720389265177719,0.5658598960509483,0.5473338381370788,0.5720389265177719,0.2574257547255295,0.573862450221619,0.0,0.5720389265177719,0.5720389265177719
OBSEA/2020-11-23.out,0.3524520492790612,0.3737374797883164,0.3931688539819891,0.4095317178700826,0.3763804920315099,0.3904588547275476,0.1107691977573456,0.0,0.3971545622639107,0.2681218613852902
OBSEA/2020-10-22.out,0.3976463031049977,0.4321439869974957,0.4672391547622563,0.5256083534961429,0.2762449708946686,0.4806097075803922,0.1578514859659983,0.5828423234937412,0.4259270412353466,0.5022065189699888
OBSEA/2020-05-09.out,0.6826682418552915,0.6560557256468106,0.7142642536535851,0.4992036499105717,0.6521203470206981,0.652311935754855,0.2398094180696915,0.652311935754855,0.652311935754855,0.3964301321707268
OBSEA/2020-06-27.out,0.3197172672528305,0.3197483591305314,0.3293901558253663,0.336056075739517,0.3197172672528305,0.1287120715521624,0.4271471444482569,0.0,0.3042941966968489,0.3197172672528305
OBSEA/2021-08-04.out,0.2695418952231189,0.1392603859265911,0.1071836406600109,0.1337733321235024,0.0276872733213991,0.0,0.0,0.1122462651476186,0.0932591221861258,0.1096746357403162
OBSEA/2020-12-10.out,0.5945464523128523,0.6269222837064856,0.5887441052816307,0.4374739895670933,0.4180320012769145,0.4880965416705141,0.2939418812543123,0.570442612632354,0.3733368000165897,0.5945464523128523
OBSEA/2021-09-30.out,0.4205666099374498,0.4205666099374498,0.3823637271070306,0.4448516050515569,0.4183099315429809,0.4654108397427169,0.47211307429735,0.0,0.4205666099374498,0.4394305494664939
OBSEA/2022-09-15.out,0.0,0.0,0.0715856995139357,0.0,0.0,0.0,0.0,0.0,0.0,0.0
OBSEA/2021-08-10.out,0.0,0.0932238114031453,0.1266560106190672,0.0,0.0548670471975832,0.0,0.0,0.0,0.0,0.0
OBSEA/2020-06-05.out,0.1764627710164867,0.1411829498676117,0.1741221243812825,0.0,0.1565885956799247,0.3667558792788726,0.0,0.1518645106122531,0.1205660386702034,0.1764441489262909
OBSEA/2020-08-29.out,0.6026158769196372,0.6026158769196372,0.3210729998471442,0.6280085016103125,0.6026158769196372,0.7767214780265403,0.6556352199075488,0.6026158769196372,0.4066053395180628,0.6026158769196372
OBSEA/2020-01-08.out,0.0,0.2496677960684402,0.3096851009253817,0.0,0.0,0.0,0.6044913194082405,0.0,0.0,0.3045500085242605
OBSEA/2022-10-19.out,0.0,0.0,0.1445769719967658,0.0,0.0705020362041502,0.0812266575456952,0.0,0.0,0.0743180292747965,0.0754709718831007
OBSEA/2020-12-16.out,0.7606637222014201,0.765989541853589,0.7633463668427827,0.6973831985568647,0.7661744113998866,0.7606637222014201,0.4251722590450258,0.7066143205654326,0.7476135948656545,0.7606637222014201
OBSEA/2021-10-03.out,0.3790193504567327,0.3791616386102774,0.3810930382422779,0.1330610721403176,0.0,0.0,0.0,0.0,0.0,0.0
OBSEA/2022-08-05.out,0.0,0.0,0.1789044507469003,0.0,0.0,0.0287489095830092,0.0,0.0,0.0,0.0
OBSEA/2020-08-12.out,0.2933724731160677,0.1031401855329463,0.0,0.1575195485234615,0.3121677113410568,0.239725126280188,0.113433724848976,0.202496506545443,0.0821812282886437,0.2668663843292435
OBSEA/2021-08-24.out,0.0007358278173503,0.0008724013125077,0.0010400312067603,0.0006752126964726,0.0017459450175986,0.0015760283813712,0.0,0.0043383515045186,0.0020376770459261,0.0043149515498362
OBSEA/2020-10-30.out,0.6158414543420453,0.5996663428241605,0.6861268794584562,0.4050074476205292,0.6870249989343363,0.5580829285406325,0.4640704981208439,0.0,0.6013605136648081,0.6861268794584562
OBSEA/2020-11-10.out,0.22807715069377,0.2280537629363086,0.2301304138293676,0.0,0.0,0.0,0.3010561599927626,0.0,0.0,0.2280537629363086
OBSEA/2020-04-15.out,0.1956753778476928,0.1956958118043878,0.2021993045722848,0.0559786294240317,0.1956753778476928,0.0,0.2239807577599308,0.0973730908904929,0.1956753778476928,0.3520963648790557
OBSEA/2022-07-22.out,0.0,0.117600139254141,0.0,0.0,0.0,0.0,0.0,0.0,0.0,0.0177745264712018
OBSEA/2020-12-06.out,0.9978492017531152,0.9978492017531152,0.9978492017531152,0.9395978349999792,0.9978492017531152,0.9978492017531152,0.8813291349097662,0.0,0.9978492017531152,0.9978492017531152
OBSEA/2022-09-24.out,0.1401777299042975,0.1475336563928435,0.1356206267773601,0.0,0.0869689978262261,0.0467140219318631,0.0,0.0,0.0813963247008291,0.0875075132464581
OBSEA/2020-09-08.out,0.3715331880353179,0.4930633469370214,0.3951834531362937,0.5155428134234511,0.4930633469370214,0.8000269786336954,0.4106236012371416,0.0,0.4930633469370214,0.3170856059526967
OBSEA/2020-12-07.out,0.999995000025,0.999995000025,0.999995000025,0.9421246296546296,0.999995000025,0.999995000025,0.8842542592842593,0.0,0.999995000025,0.999995000025
OBSEA/2020-12-01.out,0.9897640739189718,0.9897640739189718,0.9897640739189718,0.930062064569282,0.9897640739189718,0.9897640739189718,0.8702759421589416,0.0,0.9897640739189718,0.9897640739189718
OBSEA/2021-12-30.out,0.999995000025,0.999995000025,0.999995000025,0.9421246296546296,0.999995000025,0.999995000025,0.8842542592842593,0.0,0.999995000025,0.999995000025
OBSEA/2022-09-10.out,0.39468232866242,0.1932524440248678,0.144585499279894,0.0,0.3946456617070631,0.0285610376547386,0.0,0.0,0.3682654990837185,0.3981784745366607
OBSEA/2022-04-23.out,0.0241361320447597,0.0241361320447597,0.0,0.0,0.0,0.0,0.7111065284245945,0.0194031549282523,0.0,0.0
OBSEA/2020-08-27.out,0.171308749778538,0.4243686656121789,0.3458942731594566,0.3562085349928252,0.338778189729322,0.0673729392212287,0.2188153494721399,0.338778189729322,0.0,0.3356208192382129
OBSEA/2020-07-12.out,0.0,0.1541724649049398,0.0213629892289884,0.0,0.0,0.0353746522462561,0.0,0.0,0.16264698853772,0.0
OBSEA/2020-12-02.out,0.999995000025,0.999995000025,0.999995000025,0.9421246296546296,0.999995000025,0.999995000025,0.8842542592842593,0.0,0.999995000025,0.999995000025
OBSEA/2020-10-06.out,0.2217375139321227,0.215393012992948,0.2592948417115278,0.0,0.0,0.2307189129773439,0.0,0.0,0.1723373602069164,0.1806093294167813
OBSEA/2020-06-14.out,0.159612164263284,0.0,0.1250243041917167,0.0,0.1483761894710031,0.0,0.0,0.0057386437478459,0.1217591113062854,0.0627537365103793
OBSEA/2020-08-05.out,0.5248381982226117,0.5248381982226117,0.5361432808489089,0.3519108914284378,0.5167844164822625,0.294736853778656,0.5738245435696164,0.0,0.5248381982226117,0.5248381982226117
OBSEA/2022-08-15.out,0.4529787637671658,0.4528976427446851,0.4534661008202262,0.0,0.4528570931280467,0.3329049382284036,0.0,0.0,0.4528570931280467,0.4972261070342822
OBSEA/2020-06-29.out,0.0,0.0,0.0,0.0,0.0,0.024934601788685,0.0,0.0,0.0,0.0545494693921073
OBSEA/2021-10-15.out,0.0754855358717291,0.0907781333749771,0.0619757566150429,0.0960913010263386,0.0628997984719577,0.0609337355645949,0.0,0.0875336094006129,0.0609337355645949,0.0
OBSEA/2022-10-14.out,0.0104153575623034,0.0104081305299655,0.0,0.0,0.0,0.1262752989353072,0.0,0.0103625912115278,0.0,0.0
OBSEA/2021-01-11.out,0.8708292013154582,0.8707472251323953,0.8663521070551604,0.7675937143200535,0.8707472251323953,0.8707472251323953,0.6764602136569222,0.0,0.8707472251323953,0.8707472251323953
OBSEA/2020-06-23.out,0.0,0.0,0.2524619839000521,0.0,0.1086956428535294,0.1568863120946338,0.0,0.1879177604766668,0.1780036442690429,0.0276323390539667
OBSEA/2022-12-16.out,0.0,0.0,0.5076874260650073,0.0,0.0790686722659438,0.0,0.0,0.0221263945828587,0.049492359757234,0.0
OBSEA/2020-05-24.out,0.0,0.0,0.0,0.0492128709316318,0.0994741227967385,0.0,0.0,0.1270311103958445,0.0,0.0
OBSEA/2020-10-09.out,0.0,0.0,0.0915118288327072,0.0,0.0,0.0488909387794783,0.0,0.0,0.0,0.0707898486450396
OBSEA/2021-01-27.out,0.6818206244723376,0.6931254872990941,0.6002878022163228,0.5979568345451054,0.6818206244723376,0.6818206244723376,0.0,0.0,0.6818206244723376,0.6818206244723376
OBSEA/2020-07-06.out,0.3878290168860398,0.4711646955136004,0.4686054067035627,0.2460868041949335,0.4692639848802905,0.3129049233950286,0.1159203299012863,0.0,0.4621049259103417,0.4727590358381018
OBSEA/2022-07-14.out,0.0,0.2262349059027027,0.0,0.0,0.0,0.089985122219298,0.0,0.0,0.0345496311268244,0.0
OBSEA/2020-11-27.out,0.999995000025,0.999995000025,0.999995000025,0.9421246296546296,0.999995000025,0.999995000025,0.8842542592842593,0.0,0.999995000025,0.999995000025
OBSEA/2020-11-22.out,0.0,0.2403237511230044,0.2439507214002195,0.0,0.0065785725965765,0.0,0.0,0.0,0.0,0.0
OBSEA/2021-07-22.out,0.0,0.0995709114240042,0.212116377453321,0.0,0.1636348611708201,0.1123584900996439,0.0,0.0,0.1451599440811637,0.0382243012145947
OBSEA/2021-01-08.out,0.5825325868936803,0.6100343704175029,0.6357572527816532,0.6146736752124361,0.5172699876362403,0.5878751872304226,0.2737063345101513,0.5568866267344746,0.5939027365124465,0.6100343704175029
OBSEA/2021-09-08.out,0.2648250108425199,0.2639964633747756,0.2784812962998119,0.1278617296266014,0.2642396438239291,0.2641865569343526,0.0,0.0,0.2165841275092968,0.235374551978358
OBSEA/2020-11-17.out,0.1979531050841131,0.0,0.1799014595022012,0.1076062972407252,0.1834138424965561,0.1799014595022012,0.2081311992343623,0.0,0.1819327304922006,0.0
OBSEA/2020-01-22.out,0.999995000025,0.999995000025,0.999995000025,0.6062942126234252,0.999995000025,0.999995000025,0.2125934252218503,0.0,0.999995000025,0.999995000025
OBSEA/2021-01-01.out,0.5243740319570496,0.5217085875812949,0.0,0.0,0.4549698648742005,0.5167343651631631,0.4072655783546265,0.0,0.5167343651631631,0.4443297491940895
OBSEA/2021-10-10.out,0.3020068922405395,0.3012736757009975,0.0184876513423485,0.1053443409630359,0.3018879448801214,0.3459875095382046,0.0,0.0,0.3014713982113464,0.0
OBSEA/2020-09-01.out,0.0,0.0,0.0738903344012388,0.0,0.0,0.0,0.0,0.0,0.0,0.0692850653163581
OBSEA/2020-11-04.out,0.1038439956940359,0.3544400048010278,0.3221643524757722,0.0,0.3273615057560645,0.3761145642400065,0.0,0.0,0.3977212858248681,0.2100778560595003
OBSEA/2020-06-13.out,0.1474694804702006,0.0,0.055697566610968,0.1513031474052239,0.1427329823592351,0.0,0.0,0.1427329823592351,0.1469309743622948,0.1427483250534449
OBSEA/2020-07-28.out,0.1074098012486481,0.1669091583435853,0.150752374952915,0.1020060587662931,0.1365630528298127,0.1382140383033631,0.4518008990417356,0.211579399796681,0.0549041568257685,0.0619580098264733
OBSEA/2020-12-13.out,0.6862267703190941,0.6862267703190941,0.669875504602602,0.6597829097380485,0.686435525091494,0.5575921827697148,0.300731518571432,0.0,0.6544802595838966,0.6862267703190941
OBSEA/2021-12-31.out,0.999995000025,0.999995000025,0.999995000025,0.9392785458659229,0.999995000025,0.999995000025,0.0,0.0,0.999995000025,0.999995000025
OBSEA/2020-11-13.out,0.2231342643906999,0.2231342643906999,0.0,0.1337754394818933,0.0388744442999933,0.0,0.1003906531662391,0.0,0.0,0.2231342643906999
OBSEA/2022-07-11.out,0.0,0.1245400227533798,0.2941386629704721,0.0,0.0,0.042572981033379,0.0,0.0,0.0654937312431344,0.2909677440794097
OBSEA/2022-08-20.out,0.0,0.021298312129375,0.0263939498459951,0.0,0.0,0.0,0.0240525232622814,0.0214679316693878,0.0,0.0
OBSEA/2020-12-22.out,0.7269867513731056,0.7270403246519646,0.7462323691295096,0.0,0.7044320570831012,0.72687962849776,0.3463410736799042,0.0,0.72687962849776,0.72687962849776
OBSEA/2020-05-27.out,0.2233169551115646,0.2233169551115646,0.0,0.2354195574298748,0.0,0.32635301010008,0.2489091202547802,0.0459013908539002,0.0,0.1844606372593132
OBSEA/2020-08-24.out,0.309904473721029,0.0825451038226398,0.0,0.1688728752971568,0.0,0.2903540485065985,0.2791335930091267,0.0,0.0,0.0
OBSEA/2021-03-20.out,0.0,0.0318919611482065,0.0,0.0,0.0321712652317871,0.0,0.9333283333591952,0.0538272274108911,0.0310824085636138,0.0437588796273456
OBSEA/2020-08-26.out,0.5054469929523463,0.5051065306353675,0.5053158326020295,0.5158366325518353,0.5054032652708664,0.562178849869471,0.5017232979925108,0.0,0.4085286349786778,0.4128478714483597
OBSEA/2020-09-07.out,0.6112911159356756,0.5971052627538446,0.2754875588330224,0.0442897961165438,0.4283122592194455,0.6064497432426823,0.3987805746662985,0.3824782152525066,0.723922674625889,0.4761672613523679
OBSEA/2022-10-17.out,0.0,0.0648048444155092,0.0,0.0,0.0,0.0,0.0,0.0,0.0,0.0
OBSEA/2020-11-07.out,0.0,0.0530743590806935,0.0,0.0,0.0121255276417432,0.0,0.1632678623115044,0.3379894721876139,0.0680953788468333,0.0591566337389751
OBSEA/2021-10-24.out,0.1862695715104188,0.0418990164809236,0.0,0.0,0.0,0.3815490496305014,0.0,0.0,0.0,0.2365526647463788
OBSEA/2020-12-19.out,0.5276528742869585,0.5253080227053788,0.64634989078418,0.3868057510987592,0.6790965697948608,0.6118275448090682,0.2491732780137964,0.6790965697948608,0.6863231821965496,0.6790965697948608
OBSEA/2020-09-06.out,0.4273374597554964,0.2019730421267705,0.0,0.4392531550257627,0.4002302944255093,0.3495725356345547,0.0629062370039525,0.2742411171045124,0.5526071400409382,0.1679254718227157
OBSEA/2020-09-17.out,0.284009479799498,0.284009479799498,0.301462602630769,0.2986934126362218,0.0,0.1305766297452628,0.3153225919905151,0.308263273404261,0.0442740656028192,0.0
OBSEA/2020-01-11.out,0.999995000025,0.999995000025,0.999995000025,0.9421246296546296,0.999995000025,0.999995000025,0.8842542592842593,0.0,0.999995000025,0.999995000025
OBSEA/2021-10-13.out,0.0931098056035122,0.0929556161871748,0.0,0.0,0.0,0.0,0.0,0.0,0.0,0.0908225254974596
OBSEA/2022-09-22.out,0.0,0.025322914253892,0.0270830661701701,0.0,0.0,0.0,0.0,0.0241922374096657,0.0,0.0181369124441957
OBSEA/2020-01-16.out,0.999995000025,0.999995000025,0.999995000025,0.9421246296546296,0.999995000025,0.999995000025,0.8842542592842593,0.0,0.999995000025,0.999995000025
OBSEA/2020-06-20.out,0.6048100546136732,0.6262910689929272,0.6465146121155126,0.6367426947506192,0.6421960330597016,0.6421455695916067,0.6257092292857128,0.6421455695916067,0.6421455695916067,0.6421455695916067
OBSEA/2020-06-22.out,0.0,0.0,0.8499104348926494,0.0,0.0,0.0,0.8486947726747981,0.739995200029793,0.0,0.0810102004704867
OBSEA/2022-10-16.out,0.0610357131441762,0.0727799208548442,0.077134644971724,0.0,0.0842898076366672,0.004639115572585,0.0,0.0,0.0890061239766898,0.0
OBSEA/2022-06-30.out,0.2505258345554943,0.0239183475254989,0.250933525603309,0.0,0.0591518161497062,0.0546068455366751,0.0,0.2103533871498827,0.1654341521859775,0.2503631288252344
OBSEA/2020-07-18.out,0.3767255831090544,0.4627666592794803,0.4627666592794803,0.3884638496773233,0.4315492478928127,0.2627437587017155,0.0,0.0,0.2659323235824621,0.461538049058543
OBSEA/2021-09-06.out,0.0,0.0348468165817162,0.0,0.0,0.0955863348307246,0.0,0.0,0.0325237295249236,0.0212841647508788,0.0254983888240797
OBSEA/2020-09-19.out,0.3675504026534429,0.3679108298886642,0.3389097229324744,0.3861148813059949,0.1169788042035492,0.3260285684661111,0.3305014239072725,0.0,0.450439423485186,0.4814762831735824
OBSEA/2021-09-07.out,0.0963253194054153,0.0400365570184714,0.0,0.0,0.0615105125500982,0.2544816979855319,0.0,0.0,0.0,0.0
OBSEA/2022-08-21.out,0.0,0.0,0.0,0.0,0.0,0.0,0.0,0.0,0.0465420040628071,0.0354267338939285
OBSEA/2020-08-11.out,0.3809975419947818,0.0178800574740926,0.2181111755771099,0.0142384159384361,0.2645746403285119,0.3788779229782866,0.1940651428227264,0.0,0.2582083889216538,0.0
OBSEA/2020-11-08.out,0.4997790298093975,0.4994752383934875,0.4364530145270867,0.4781948499576764,0.4994752383934875,0.2950076642260312,0.4576087250767197,0.4997356084124735,0.5264381275846122,0.4994752383934875
OBSEA/2021-01-04.out,0.6996684552105443,0.6849371769390954,0.6872012177760515,0.7064465699941221,0.6830128695148842,0.6830128695148842,0.7071224788345878,0.0,0.6830128695148842,0.6798289729968856
OBSEA/2021-02-01.out,0.6900690375928734,0.686131093888798,0.6904879291142421,0.626778133261142,0.4925548343522709,0.682025038840993,0.0,0.6907908797466359,0.5722014231568942,0.6900690375928734
OBSEA/2022-09-07.out,0.1371181354802906,0.1369554804039256,0.1333802672342957,0.0,0.1359510292565653,0.0,0.0,0.0,0.0,0.029173347064976
OBSEA/2020-12-03.out,0.9853746029965532,0.9853746029965532,0.9853746029965532,0.9248749418300068,0.9853746029965532,0.9853746029965532,0.864253930433562,0.0,0.9853746029965532,0.9853746029965532
OBSEA/2020-04-11.out,0.0,0.0,0.0524313624914235,0.0,0.0,0.2395501162734963,0.0,0.278555940834938,0.0,0.0
OBSEA/2022-10-05.out,0.060913115004824,0.0,0.0,0.0,0.0306797912076438,0.0,0.0,0.0,0.0,0.0
OBSEA/2021-09-04.out,0.0023706979095056,0.0068580542435657,0.0,0.007928563248701,0.0,0.0,0.0,0.0,0.0,0.0
OBSEA/2020-07-19.out,0.3098637173441888,0.0861849887239962,0.0,0.0,0.0,0.1452199324471647,0.0,0.3010494532816081,0.0187705374097331,0.3010494532816081
OBSEA/2021-01-24.out,0.5720870928426238,0.5981448576207982,0.5830977674490609,0.4902930903527073,0.5978536469851428,0.5978536469851428,0.0882083690503068,0.59960517659266,0.5978536469851428,0.5978536469851428
OBSEA/2021-11-22.out,0.0275129561685169,0.0274963295119518,0.0285129572246171,0.0272289354871758,0.0366931881872312,0.0,0.0,0.0301421343900741,0.022718537097973,0.0375332569889719
OBSEA/2021-02-02.out,0.8018673787753042,0.4007920681116034,0.7515538069299879,0.633775245093908,0.7522517875258543,0.3983984442210614,0.0,0.0,0.7245445888535142,0.7522517875258543
OBSEA/2022-09-14.out,0.0,0.0410378930481149,0.1317120624602933,0.0,0.1311956393636699,0.0,0.0,0.0,0.1330411291900836,0.1923266308098107
OBSEA/2022-06-01.out,0.0,0.0,0.0612030789188099,0.0,0.0,0.0,0.0,0.0543144987629933,0.0,0.0
OBSEA/2020-08-23.out,0.0,0.0575728131604776,0.0,0.0,0.3393180242610371,0.3541506769858847,0.0,0.058426911973365,0.1871735122933483,0.3439760383221028
OBSEA/2020-12-05.out,0.999995000025,0.999995000025,0.999995000025,0.0,0.999995000025,0.999995000025,0.8842542592842593,0.0,0.999995000025,0.999995000025
OBSEA/2020-04-10.out,0.1345640047834427,0.1218228634556741,0.0314051802924715,0.0866415697535951,0.1142908804457961,0.059943497465029,0.0,0.1178713270864857,0.0,0.0
OBSEA/2020-10-23.out,0.2171093324541482,0.3864440030377843,0.5693109066146368,0.106768525701156,0.4177179493980179,0.607602955978453,0.0,0.3052829280329284,0.4965399483484504,0.5555422553831927
OBSEA/2021-10-04.out,0.614577583101813,0.636250208199977,0.6583496983523975,0.594418412999808,0.6569673591156809,0.6280037007237181,0.0,0.0,0.6452239072531153,0.6398936835161532
OBSEA/2020-11-29.out,0.9911795412509566,0.9911795412509566,0.9911795412509566,0.9317332291183924,0.9911795412509566,0.9911795412509566,0.8722146637656216,0.0,0.9911795412509566,0.9911795412509566
OBSEA/2022-09-21.out,0.0,0.0216214077449936,0.0444879486052281,0.0,0.0240316790175693,0.0206159911318527,0.0,0.0256334695368686,0.0,0.0
OBSEA/2020-09-10.out,0.0098265162085127,0.0960149782306564,0.1043781348683077,0.1015159558549581,0.0,0.0,0.0,0.097861836420892,0.1297329088040493,0.0940055674850314
OBSEA/2022-07-13.out,0.0877184595340272,0.0874659483576218,0.0,0.0,0.0,0.0,0.0,0.0,0.069693664346164,0.0
OBSEA/2021-01-31.out,0.6576511441731642,0.6485215408861258,0.5867482465956718,0.6243543430603946,0.6576511441731642,0.5793566593676122,0.0,0.6576511441731642,0.6528122068571512,0.6576511441731642
OBSEA/2021-08-29.out,0.0087929682248111,0.0,0.0722112155514181,0.0,0.0,0.0,0.0,0.0,0.0,0.0
